SMILES,shift_value,shielding_value
FC(Cl)(Cl)Cl,0.0,204.133
FC(F)(F)Br,-5.0,218.2356667
FC(F)(F)I,-5.1,205.066
FC(F)(Br)OC1=CC=CC=C1,-13.0,219.895
COC(=O)F,-19.0,221.116
FC(F)(Br)SC1=CC=CC=C1,-22.0,223.0715
FC(F)(Cl)OC1=CC=C(Cl)C=C1,-26.0,237.533
CCCCCCCCOC(F)(F)Cl,-27.0,237.128
FC(F)(F)Cl,-28.0,231.866
FC1=NC(F)=NC(F)=N1,-33.0,227.953
FC(F)(I)CCI,-39.0,234.641
C=CC(F)(F)I,-42.0,243.7865
FC(F)(OC1=CC=CC=C1)SC1=CC=CC=C1,-43.0,245.178
FC(F)(F)SC1=CC=CC=C1,-43.0,249.439
CC1=NC(F)=NC(Cl)=C1,-44.0,243.062
FC1=NC=CC=N1,-44.0,244.226
FC(F)(Br)C1=CC=CC=C1,-44.0,249.622
CCCCCC(F)(F)Br,-44.0,253.4
CC(F)(Cl)Cl,-44.0,255.543
FC(F)(Br)C1=CC=C(C(F)(F)Br)C=C1,-46.0,251.304
CC(F)(F)Cl,-46.0,256.331
N#CC(F)(F)I,-46.5,246.687
CCCCSC(F)(F)F,-48.0,251.1306667
FC(F)(SC1=CC=CC=C1)SC1=CC=CC=C1,-49.0,251.8545
CCCCCCCCC(F)(F)Cl,-49.0,265.97
CCCCNC(F)(F)F,-49.0,270.5233333
FC(F)(Cl)C1=CC=C(C(F)(F)Cl)C=C1,-50.0,261.837
CN(C)C(=O)C(F)(F)I,-51.0,252.603
FC(Cl)(Br)CC1=CC=CC=C1,-52.0,253.23
C#CC(F)(F)F,-52.0,257.407
FC(F)(F)C1=C(C(F)(F)F)C(C(F)(F)F)=C(C(F)(F)F)C(C(F)(F)F)=C1C(F)(F)F,-52.3,256.5516667
CC1NC(NC(=O)[C@@H]2CCCO2)SC1C(F)(F)F,-52.63,273.408
FC(F)(F)C#CC(F)(F)F,-53.0,259.0275
FC(F)(F)C1=C(C2=CC=CC=C2)NC2=CC=CC=C21,-53.0,260.3763333
C#CC1=CC=C(C(F)(F)F)S1,-53.0,262.7856667
O=C(C1=CC=CC=C1)C(F)(F)I,-54.0,256.1975
CN(C)C(=O)C(F)(F)Br,-54.0,258.5345
CC1=CC=C(S(=O)(=O)OC(F)(F)F)C=C1,-54.0,259.4823333
OC(F)(F)F,-54.0,263.4623333
NC1NCC(C(F)(F)F)S1,-54.77,279.1156667
FC(F)(F)C1CCCNC1N1CCC2(CCCOC2)C1,-54.96,279.2116667
FC(F)(F)C1=CC=CS1,-55.0,262.568
FC(Cl)(Cl)CC1=CC=CC=C1,-56.0,261.501
CC1=CC(C(F)(F)F)=C(C)N1CC(C)C,-56.0,264.2503333
FC(F)(F)C1=NC(Cl)=C(Cl)S1,-56.0,267.025
FC(F)(OC1=CC=CC=C1)OC1=CC=CC=C1,-56.0,268.402
CN1CC(C(=O)O)C(C(F)(F)F)C1,-56.05,277.213
O=S(=O)(C1CCCCC1OC(F)(F)F)N1CCCC1,-56.35,265.6603333
CC1N[NH]CC1C(F)(F)F,-56.4,273.9536667
CN1NCC(C(F)(F)F)C1C(=O)O,-56.64,277.517
FC(F)(F)C1=CC2=CC=CC=C2S1,-57.0,263.862
C#CC1=C(C(F)(F)F)C=CO1,-57.0,265.837
N=C(C1=CC=CC=C1)C(F)(F)F,-57.0,274.3926667
Cl.N[C@@H]1C[C@H]1C1CCCCC1OC(F)(F)F,-57.38,265.0453333
O=C1CC(OC(F)(F)F)CC[NH]1,-57.58,265.3143333
O=C(C1CCC(OC(F)(F)F)CC1)N1CCOCC1,-57.79,264.161
O=C(C1CCC(OC(F)(F)F)CC1)N1CCC(O)CC1,-57.79,265.844
CCOC(=O)C(F)(F)I,-57.9,258.707
CCCOC(=O)CC(F)(F)Cl,-58.0,254.223
CCOC(=O)C(F)(Br)OC1=CC=CC=C1,-58.0,258.623
N#CC1=CC(C(F)(Br)Br)=CC=C1,-58.0,261.133
O=C(C1=CC=CC=C1)C(F)(F)Br,-58.0,261.4085
FC(F)(F)OC1=CC=CC=C1,-58.0,264.739
[H]C(=C1CCCCC1)C(F)(F)F,-58.0,265.2296667
FC(F)(F)OC1CC2CCC21,-58.0,266.1956667
[H]/C(C1=CC=CC=C1)=C(\[H])C(F)(F)F,-58.0,266.3953333
C[Si](C)(C)C(F)(F)Cl,-58.0,269.445
CC1(C)OB(CC(F)(F)F)OC1(C)C,-58.0,270.378
OCC1NC(-C2CCCCC2C(F)(F)F)NS1,-58.25,277.506
O=C(C1CC1)N1CCOC(C2CCCCC2C(F)(F)F)C1,-58.36,273.4513333
FC(F)(F)C1CCCCC1C1CNCCO1,-58.37,275.515
CN1CCCC(NC(=O)C2CCCCC2C(F)(F)F)C1=O,-58.57,282.9043333
CC1NOC(C)C1NC(=O)C1CCCCC1C(F)(F)F,-58.88,281.7803333
CCCC/C=C\C(F)(F)F,-59.0,265.9546667
[H]/C(CCCC)=C(\[H])C(F)(F)F,-59.0,265.955
FC(F)(F)C1=CC=CN1,-59.0,266.1886667
CP(C)CC(F)(F)F,-59.0,268.9643333
[H]C1=C(C(F)(F)F)ON=C1C,-59.0,270.8586667
CCN(CC)C(F)(F)F,-59.0,271.113
CN1CCC(NC(=O)C2CCCCC2C(F)(F)F)N1,-59.08,280.7993333
CNC1CCC(OC(F)(F)F)CN1,-59.17,265.8943333
O=C(O)CC1CC(C(F)(F)F)CO1,-59.35,279.368
CC1=C(C(F)(F)F)SC(Cl)=N1,-59.4,259.2116667
CN(C)C(=O)C1C[NH]C(C(F)(F)F)C1,-59.53,283.888
FC(F)(F)C1=CC=CC=C1C(F)(F)F,-59.6,267.4843333
NC1CCC(C(F)(F)F)CC1N,-59.62,285.048
CC1CCCC(C(=O)N2CCC(O)(C(F)(F)F)C2)C1C,-59.62,289.089
O=C(C1CCCCC1C(F)(F)F)N1CCSCC1,-59.66,271.5033333
CN1NC(C(=O)O)C(Cl)C1C(F)(F)F,-59.85,281.5236667
CN1[NH]C(C(F)(F)F)C(-C2CCC(Cl)CC2)C1=N,-59.9,285.7413333
O=C(CC1CCCCC1C(F)(F)F)N1CCCNCC1,-59.95,279.9986667
FC(F)(F)C1CNC2[NH]NNC2C1,-59.97,283.226
O=C1[NH]CNC2C(C(F)(F)F)CCCC12,-59.99,279.5383333
CCCCCCCCCCOC(F)(F)F,-60.0,266.0043333
FC(F)(F)C1=NC=CS1,-60.0,266.0266667
FC(F)(F)C1=CSC=C1,-60.0,266.9433333
FC(F)(F)C1=CC=CC2=CC=CC=C21,-60.0,267.6273333
[H]C1=C(C)ON=C1C(F)(F)F,-60.0,268.448
FC(F)(F)C1=NNC2=CC=CC=C21,-60.0,268.745
CN(C1=CC=CC=C1)C(F)(F)F,-60.0,268.931
[H]C1=C(C(F)(F)F)N=NN1C1=CC=CC=C1,-60.0,269.5176667
[H]/C(=C(/C)C(=O)C1=CC=CC=C1)C(F)(F)F,-60.0,269.9036667
CC1C(NC(=O)C2CCOC2)CCCC1C(F)(F)F,-60.07,279.283
CC1(C)NC(=O)N(CC2CCCCC2C(F)(F)F)C1=O,-60.11,277.3023333
CC1(C)CN(C(=O)C2CCNCC2C(F)(F)F)CCO1,-60.22,273.0353333
Cl.FC(F)(F)OCC1CCNCC1,-60.24,267.2086667
FC(F)(F)C1=CC(C(F)(F)F)=C(C(F)(F)F)C=C1C(F)(F)F,-60.3,267.4708333
O=C(NC1CCCNC1)NC1CCCCC1C(F)(F)F,-60.44,278.063
CC(=O)NC1CC(C)NN1-C1CCCCC1C(F)(F)F,-60.5,277.15
O=C(C1CCNCC1C(F)(F)F)N1CCC2(CCC2)C1,-60.5,280.3476667
[H]/C(=C(\[H])C(F)(F)F)C(F)(F)F,-60.6,267.9143333
O=C1NCCN2CNC(C(F)(F)F)C21,-60.63,283.4796667
CN1CC(N)C(C(F)(F)F)N1,-60.66,277.1376667
CNC(=O)[C@@H]1CSCN1C1CCC(C(F)(F)F)CN1,-60.67,280.215
CN1C(=O)CNC2CCC(C(F)(F)F)CC21,-60.7,284.4533333
COC1(C)CN(C(=O)NC2CCCCC2C(F)(F)F)C1,-60.71,279.039
CCN1NCC(C(=O)N2CC[C@@H](N)C2)C1C(F)(F)F.Cl,-60.84,271.0616667
CC(C)(O)C1CCCN1C1CCC(C(F)(F)F)CN1,-60.85,283.8543333
Cl.FC(F)(F)C1CCC2C(C1)CCN2,-60.9,266.2063333
OC1CCC(NC2NCC(C(F)(F)F)CC2Cl)CC1,-60.9,283.8936667
CN1NCCC1C(F)(F)F,-60.95,284.6066667
CC1C(N2C(=O)CN(C3CC3)C2=O)CCCC1C(F)(F)F,-60.98,277.858
O=C1CN(C2CCC(C(F)(F)F)CN2)C2CCCCC2N1,-60.98,282.359
OC1CCN(C2CCC(C(F)(F)F)CN2)CC1,-60.98,282.8273333
[H]/C=C(\F)Br,-61.0,248.759
FC(F)(F)C1=CNC=C1,-61.0,265.365
FC(F)(F)C1=CC2=CC=CC=C2N1,-61.0,266.7906667
FC(F)(F)C1=CSC2=CC=CC=C21,-61.0,268.5516667
CC1(C)CCCN1C(=O)C1NCCCC1C(F)(F)F,-61.0,276.8363333
O=C(NC1CCCCC1C(F)(F)F)N1CCC[C@@H]1CO,-61.01,282.8306667
O=C(NC1CCCCC1C(F)(F)F)N1CCCCN1,-61.05,279.4353333
CN1CC(C(F)(F)F)NN1,-61.06,281.4873333
CCN1NCC(C(=O)O)C1C(F)(F)F,-61.12,281.1336667
CC(N)C1CNC(C(F)(F)F)S1.Cl,-61.15,277.3713333
CN(C)C(=O)N1CCC(N2CCC(C(F)(F)F)N2)CC1,-61.28,283.209
CCOC(=O)C(F)(F)Br,-61.3,264.3285
CC1C(C(F)(F)F)N[NH]C1CO,-61.3,282.0313333
CC1COC2CCC(C(F)(F)F)CC2N1,-61.31,283.93
NC1NC2C(C(F)(F)F)CCCC2S1,-61.32,280.5596667
CC1CN(CC(=O)O)NC1C(F)(F)F,-61.33,277.198
CC(=O)N1CCOC2CCC(C(F)(F)F)CC21,-61.35,283.6013333
O=C(O)C1OCNC1C(F)(F)F,-61.36,282.4703333
CC1NC(C(F)(F)F)C(C(=O)O)O1,-61.38,280.0366667
Cl.FC(F)(F)C1CCC(OC2CCNC2)NC1,-61.42,279.577
FC(F)(F)C1CCNN1C1CCCNC1,-61.43,284.0143333
FC(F)(F)C1CNC(N2CCOCC2)C(Cl)C1,-61.5,283.9086667
CN1CCC(C(F)(F)F)N1,-61.51,282.6133333
CN1CCN(C(=O)NC2CCC(C(F)(F)F)CC2)CC1,-61.53,284.5716667
CC(C)(O)CN1CC(C(F)(F)F)CC(Cl)C1=O,-61.54,282.9036667
FC(F)(F)C1CC(CN2CCCC2)N[NH]1,-61.54,284.818
CC1(CC(F)(F)F)CN(C(=O)NC2CCCCN2)C1,-61.57,273.1686667
[H]C1=C(C(F)(F)F)N=C(C2=CC=C(C)C=C2)S1,-61.6,271.6046667
CC1CCC(NC(=O)N2CC[C@H](O)C2)CC1C(F)(F)F,-61.61,279.911
FC(F)(F)C1CCN(CC2CCON2)N1,-61.64,283.376
N#CC1(CN2CCC(C(F)(F)F)N2)CCC1,-61.65,284.0863333
O=C1CCN1C1CCC(C(F)(F)F)CC1,-61.68,275.969
CN1NC(C(F)(F)F)CC1CO,-61.68,283.2623333
FC(F)(F)F,-61.7,264.872
CC1(CC(F)(F)F)CN(C(=O)C2CCNC2=O)C1,-61.7,272.2756667
OC1NCN(-C2CCC(C(F)(F)F)CC2)N1,-61.7,284.6423333
N#CCCN1CCC(C(F)(F)F)N1,-61.71,282.6093333
O=C1[NH]CCN2NC(C(F)(F)F)CC12,-61.71,283.0603333
CC1CC(C(=O)O)C(C(F)(F)F)O1,-61.73,281.9536667
ON1NNC2CCC(C(F)(F)F)CC21,-61.73,282.471
Cl.FC(F)(F)C1CC2N(N1)CCNC2,-61.75,263.5553333
CC1=NN(C2CCC(C(F)(F)F)CN2)C(=O)C1,-61.76,282.67
FC(F)(F)C1CNC(N2CCCO2)C(Cl)C1,-61.78,279.3656667
CC(C(=O)O)N1CCC(C(F)(F)F)N1,-61.81,282.573
O=C(O)C1CCCN2CC(C(F)(F)F)NC21,-61.84,283.9036667
NC(=O)C1(C2CCC(C(F)(F)F)CC2)CC1,-61.86,284.4843333
Cl.NC[C@@H]1C[C@H]1C1CCC(C(F)(F)F)CC1,-61.88,281.0796667
NC1CC(C(F)(F)F)C2CN[NH]C2C1,-61.92,279.3056667
CC(=O)N1CCC(C2CCC(C(F)(F)F)CC2)CC1,-61.92,283.3583333
CC1CC(C(F)(F)F)NN1CCC#N,-61.96,282.7856667
O=C(O)C1CCOC1C(F)(F)F,-61.99,282.2776667
FC(F)(F)C1=CN=CN1,-62.0,265.2923333
FC(F)(F)C1=NC2=CC=CC=C2S1,-62.0,267.5426667
[H]C1=NNC(C(F)(F)F)=C1[H],-62.0,267.5936667
FC(F)(F)C1=CC2=CC=CC=C2C=C1,-62.0,269.376
FC(F)(F)C1=CC=CN=C1,-62.0,269.484
FC(F)(F)C1=CN=CN=C1,-62.0,269.6186667
[H]C1=NOC(C(F)(F)F)=C1[H],-62.0,270.4526667
C#CC1=CC=C(C(F)(F)F)O1,-62.0,270.9633333
O=C(CC(F)(F)F)C1=CC=CC=C1,-62.0,274.7753333
CC1CCC(C(F)(F)F)CC1NC(=O)C1CCCN1,-62.0,279.502
N#CC1CCC(N2CCS(=O)CC2)CC1C(F)(F)F,-62.0,281.1623333
CC1(C(=O)NC2CC(C(F)(F)F)C[NH]C2=O)CCCC1,-62.0,283.596
CC1NCC(C(F)(F)F)[NH]1,-62.0,286.5106667
Cl.N[C@H]1CCN(C(=O)C2(C3CCCC(C(F)(F)F)C3)CC2)C1,-62.04,284.254
COCC(=O)N1CCSC2CCC(C(F)(F)F)CC21,-62.06,284.1656667
O=C1CCC(C(F)(F)F)CN1CC1CCC2C(C1)OCO2,-62.08,282.2033333
O=C(C1=CCCC1)N1CCN2C(NNC2C(F)(F)F)C1,-62.09,279.4443333
CS(=O)(=O)NC1(C2CCCC(C(F)(F)F)C2)CCC1,-62.13,285.856
CC1CCC(NC(=O)[C@H]2CSCN2)CC1C(F)(F)F.Cl,-62.15,273.613
O=C(CN1CC(C(F)(F)F)CC(Cl)C1=O)N1CCC1,-62.15,282.533
Cl.O=C1CNCCN1CC1CCC(C(F)(F)F)CC1,-62.15,282.537
O=S1(=O)CCCN1CC1CCC(C(F)(F)F)CC1,-62.15,283.731
N#CC1CCCC(CN2CC(C(F)(F)F)CCC2=O)C1,-62.18,283.5856667
Cl.FC(F)(F)C1CCC(C2=CCNCC2)CC1,-62.19,286.3206667
N#CC1CNN(-C2CCC(C(F)(F)F)CC2)C1N,-62.21,279.4213333
O=C(O)CN1CC(Cl)C(C(F)(F)F)N1,-62.21,281.12
CS(=O)(=O)NC1CC(C(F)(F)F)C[NH]C1=O,-62.21,282.8653333
NC(=O)C1CC1C1CCCC(C(F)(F)F)C1,-62.22,275.8046667
O=C(CN1CC(C(F)(F)F)CCC1=O)N1CCOCC1,-62.24,282.4426667
Cl.NC[C@@H]1C[C@H]1C1CCCC(C(F)(F)F)C1,-62.25,284.5116667
O=C(CN1CC(C(F)(F)F)CCC1=O)N1CCNC1=O,-62.26,283.31
NC(=O)N1CCNC(=O)C1C1CCC(C(F)(F)F)CC1,-62.26,284.5716667
O=C(NC1NC(C(F)(F)F)C[NH]1)C1CCCO1,-62.27,285.1033333
O=C(C1CCOCC1)N1CCC2C1CCCC2C(F)(F)F,-62.28,277.686
CCC(=O)N1CCOC(C2CCC(C(F)(F)F)CC2)C1,-62.28,279.3906667
[H]C1=C(C(F)(F)F)N=C(C2=CC=C(C)C=C2)O1,-62.3,271.91
N[C@@H]1CCN(C(=O)C2(C3CCCC(C(F)(F)F)C3)CC2)C1,-62.31,284.2073333
CC1(C)CN(C(=O)CC(F)(F)F)C2CCCCC2O1,-62.33,274.6373333
CC1NNC(CN2CC(C(F)(F)F)CC(Cl)C2=O)O1,-62.33,277.517
CC1[NH]NC(C(F)(F)F)C1Cl,-62.35,277.1306667
Cl.NC1(C2CCC(C(F)(F)F)CC2)CCC1,-62.35,283.949
CC1NOC(NC(=O)C2CCCC(C(F)(F)F)C2)N1,-62.36,284.2763333
O=C(O)CC1SC2CCC(C(F)(F)F)CC2NC1=O,-62.36,284.4766667
O=C(NC1CCCC(C(F)(F)F)C1)C1CCCNC1,-62.42,280.087
CC1(C)NC(=O)N(CC2CCCC(C(F)(F)F)C2)C1=O,-62.42,283.8063333
CC1CN(C(=O)CC(F)(F)F)C2CCCNC2O1,-62.43,270.2546667
O=C1NCCN1C1CCCC(C(F)(F)F)C1,-62.45,285.652
CN1NC(C(=O)NC2CCCC(C(F)(F)F)C2)CCC1=O,-62.47,279.719
CC1CC(N)N(-C2CC(C(F)(F)F)CCC2Cl)N1,-62.47,283.951
[H]C1=C(C(F)(F)F)N(C2=CC=CC=C2)N=C1C,-62.5,264.515
[H]C1=C(C)N(C2=CC=CC=C2)N=C1C(F)(F)F,-62.5,269.6196667
CN(C(=O)CC(F)(F)F)C1CCC2C(C1)OCO2,-62.5,274.9323333
CC1NOC(C)C1C(=O)NC1CCCC(C(F)(F)F)C1,-62.5,275.758
FC(F)(F)C1CNCC(CN2CCNC2)C1,-62.5,284.4113333
N#CC1(NC(=O)C2CCCC(C(F)(F)F)C2)CCOCC1,-62.51,283.1676667
NC(=O)C1CNN(-C2CCCC(C(F)(F)F)C2)C1N,-62.55,284.359
NS(=O)(=O)C1CNN(-C2CCCC(C(F)(F)F)C2)C1,-62.57,283.3776667
O=C(CC(F)(F)F)N1CC(O)C2(CC2)C1,-62.59,269.7473333
NS(=O)(=O)C1CNCC(C(F)(F)F)C1,-62.6,283.761
CC(N)C1NNC2C(Cl)CC(C(F)(F)F)CN12.Cl,-62.6,284.3846667
CC1CN(C(=O)C2CCC(C(F)(F)F)CC2)C(C)CO1,-62.6,285.2766667
NC1NNC(-C2CCCC(C(F)(F)F)C2)S1,-62.61,275.6873333
CC1CC(C)CN(C(=O)C2CCC(C(F)(F)F)CN2)C1,-62.62,283.5813333
O=C1CC(C(F)(F)F)[NH]N1CC1CCC(Cl)CC1,-62.64,284.279
CS(=O)(=O)N1CCN(C(=O)CC(F)(F)F)CC1,-62.65,274.8936667
CC1CC(NC(=O)C2CCC(C(F)(F)F)CC2)N(C)N1,-62.67,283.682
CC1NCC(C(F)(F)F)CC1C(=O)O,-62.68,283.9966667
O=S(=O)(C1CCCC(C(F)(F)F)C1)N1CCNCC1,-62.68,284.8276667
CN1CNNC1NC(=O)C1CCC(C(F)(F)F)CC1,-62.69,284.3206667
CC(C)(N)C(=O)N1CCN(C(=O)CC(F)(F)F)CC1.Cl,-62.7,270.045
O=C(O)C1NC(C(F)(F)F)N2C1CCCC2,-62.7,289.3283333
CN1C(=O)C[C@H](C(=O)O)[C@H]1C1CCC(C(F)(F)F)CC1,-62.73,283.429
CN1CCN(C(=O)CC(F)(F)F)C(CN)C1.Cl,-62.8,270.061
CNC(=O)N1CCC(CC(F)(F)F)CC1,-62.83,275.6436667
CC1CC2CCCCC2C1NC(=O)CC(F)(F)F,-62.86,274.781
O=C(CC(F)(F)F)N1CCCC2(CC=CCC2)C1,-62.95,274.8163333
O=C(C1CCCNC1O)N1CCC(CC(F)(F)F)CC1,-62.98,274.2633333
FC1=NC2=CC=CC=C2C=C1,-63.0,259.243
CC1=CC(F)=NC(C)=N1,-63.0,259.916
CCCCCCCCC1=NC2=CC=CC=C2C(C(F)(F)F)=C1,-63.0,269.217
FC(F)(F)C1=CN=C(Br)C=C1,-63.0,269.3076667
FC(F)(F)C1=CC=CC=C1,-63.0,269.498
FC(F)(F)C1=NC=CC2=CC=CC=C21,-63.0,269.9036667
CN1C(C(F)(F)F)=NC2=C1C=CC=C2,-63.0,271.8293333
FC(F)(F)/C=C/C=C/C1=CC=CC=C1,-63.0,272.926
[H]/C(C1=CC=CC=C1)=C(/[H])C(F)(F)F,-63.0,273.3323333
C=C(CC)CC(F)(F)F,-63.0,274.946
CN(C)C(=O)CC(F)(F)F,-63.0,275.143
N[C@H]1CCN(S(=O)(=O)C2CCC(C(F)(F)F)CC2)C1,-63.0,285.038
Cl.NCC1CNCC(C(F)(F)F)C1,-63.01,269.424
O=C1CCC(C(=O)N2CCC(CC(F)(F)F)CC2)CN1,-63.01,273.413
OCCC1CCCNC1C(F)(F)F,-63.02,279.8763333
O=C(C1CC=CC1)N1CCC(C(F)(F)F)C2(CCC2)C1,-63.05,277.46
O=C(O)C1NC(C(F)(F)F)N2CCCCC12,-63.13,282.824
CC1CC(N2CCCC(CC(F)(F)F)C2)CCN1,-63.17,274.0066667
O=C(CO)N1CCCC(CC(F)(F)F)C1,-63.2,273.487
FC(F)(F)C1NCC[NH]1,-63.2,288.4363333
CC(C)C1ONC(C(F)(F)F)C1C(=O)O,-63.27,276.8086667
FC(F)(F)C1=CC=CC(C(F)(F)F)=C1,-63.3,269.461
O=C([O-])CC1NC(C(F)(F)F)CS1.[Na+],-63.38,263.0203333
FC(F)(F)C1=CC(C(F)(F)F)=CC(C(F)(F)F)=C1,-63.4,269.4548889
CC1CNC(CN2C(C(F)(F)F)CSC2=O)CN1,-63.44,281.408
O=C1CCN(CC2NC(C(F)(F)F)CS2)CCN1,-63.49,283.3076667
FC(F)(F)C1=CC=C(C(F)(F)F)C=C1,-63.5,269.7158333
FC(F)(F)C1=NC2=CC=CC=C2C2=C1C=CC=C2,-63.5,270.539
CN1CC(NC2CC(C#N)CCC2C(F)(F)F)CCC1=O,-63.52,280.136
CC(=O)N[C@H]1CCCC[C@H]1CC(F)(F)F,-63.56,273.718
C[C@@H]1OCCN(C(=O)C2CCN(C)N2)[C@@H]1C(F)(F)F,-63.78,270.339
CC1NCN(CC2CCCNC2C(F)(F)F)N1,-63.96,280.6453333
FC(F)(F)C1CSC(CN2CCNCC2)N1,-63.96,282.5966667
FC1=NC=NC2=CC=CC=C21,-64.0,261.827
FC(Cl)(Cl)C(Cl)(Cl)Cl,-64.0,263.055
[H]C([H])=C(C(=O)C1=CC=CC=C1)C(F)(F)F,-64.0,264.1183333
FC(F)(F)C1=CC=CO1,-64.0,270.8276667
[H]C([H])=C(C(=O)CCCCCCC)C(F)(F)F,-64.0,272.1686667
CP(C)C(F)(F)F,-64.0,272.39
[H]/C(C1=CC=CS1)=C(/[H])C(F)(F)F,-64.0,272.939
CCCCC/C=C/C=C/C(F)(F)F,-64.0,273.0946667
[H]/C(C1=CC=C(C)C=C1)=C(/[H])C(F)(F)F,-64.0,273.1166667
C#CCC(F)(F)F,-64.0,274.1303333
O=C(O)CC(F)(F)F,-64.0,275.5806667
CC(=O)NC1CC(C(F)(F)F)NO1,-64.09,281.45
CN1C(C(F)(F)F)CCCC1=O,-64.14,282.688
CC1CCN(C(=O)NC2NC(C(F)(F)F)CS2)C1,-64.19,282.7906667
CC1(C)CN(C(=O)C2CC[NH]N2)CCC1C(F)(F)F,-64.21,274.2723333
O=C(NC1NNC(C(F)(F)F)[NH]1)C1CCCO1,-64.32,286.7986667
FC(F)(F)C1NC[NH]N1,-64.49,288.9106667
CCOC(=O)C(F)(F)Cl,-64.5,272.202
CC1(C)CN(C(=O)C2CCNCC2)CCC1C(F)(F)F,-64.62,275.758
O=C(O)C1CCC(C(F)(F)F)O1,-64.65,285.2406667
FC(F)(F)C1CSC(N2CCNCC2)N1,-64.72,282.5453333
O=C([O-])CC1CC(C(F)(F)F)CCN1.[Na+],-64.75,278.862
OCC1CCN(C2NC(C(F)(F)F)CS2)CC1,-64.75,285.2143333
CC(O)CC(F)(F)F,-64.8,274.191
N#CC1C[NH]C(C(=O)NC2CC(C(F)(F)F)CCN2)C1,-64.84,274.7036667
O=C(NC1CC(C(F)(F)F)CCN1)C1CSCN1,-64.85,284.8776667
CNC1NC(C(F)(F)F)CO1,-64.86,283.546
FC(F)(F)C1CC2CC[NH]C2CN1,-64.86,287.1686667
CC1(C)C(C(F)(F)F)CCN1C(=O)C1CCC(O)NC1,-64.93,272.881
N#CC1CCCN(CCC(F)(F)F)C1=O,-64.93,274.069
CCOC(=O)C(F)(Br)Br,-65.0,261.567
[H]C1=C(CCC2=CC=CC=C2)OC(C(F)(F)F)=C1[H],-65.0,270.7996667
FC(F)(F)C1=CC(Cl)=NC=C1,-65.0,270.9833333
N#CCC(F)(F)F,-65.0,271.2293333
FC(F)(F)C1=CC=NC=C1,-65.0,271.242
FC(F)(F)C1=CC2=C(C=CC=C2)O1,-65.0,271.4353333
CCOC(=O)CC(F)(F)F,-65.0,271.6883333
CC(F)(F)F,-65.0,272.5196667
FC(F)(F)CC1=CC=CC(CC(F)(F)F)=N1,-65.0,274.117
[H]/C(CCCC)=C(/[H])C(F)(F)F,-65.0,274.23
CCCC/C=C/C(F)(F)F,-65.0,274.23
[H]/C(CCCCCC)=C(/[H])C(F)(F)F,-65.0,274.246
[H]/C(C(C)=O)=C(/[H])C(F)(F)F,-65.0,274.917
[H]C([H])=C([H])CC(F)(F)F,-65.0,275.8423333
O=C(CCC(F)(F)F)C1=CC=CC=C1,-65.0,276.9546667
FC(F)(F)C1CCNC(N2CCCOCC2)C1,-65.09,285.0936667
CC1(C)C(C(F)(F)F)CCN1C(=O)NC1CCCNC1,-65.15,273.8673333
CC1NN(C)CC1-C1CSC(CC(F)(F)F)N1,-65.2,274.142
NC1CNCCC1C(F)(F)F,-65.2,281.8336667
O=C1C(C(F)(F)F)CCCN1CC1CCC1,-65.24,277.1553333
NC1NNC(CC(F)(F)F)S1,-65.27,275.9026667
CC1CCCNC1CN1CCCC(C(F)(F)F)C1=O,-65.28,277.09
CC1NC(CN2CCCC(C(F)(F)F)C2=O)SC1C,-65.33,277.2026667
N#CC1CCCCC1CN1CCCC(C(F)(F)F)C1=O,-65.36,273.072
N#CC1CCC(CN2CCCC(C(F)(F)F)C2=O)CC1,-65.37,273.1286667
CC1CC(S(N)(=O)=O)CNC1C(F)(F)F,-65.45,280.3013333
[H]/C(=N\O)C(F)(F)F,-65.5,275.3236667
CC1CC(CN2NC(C(F)(F)F)NC2C)NO1,-65.51,285.521
O=S(=O)(CCC(F)(F)F)N1CCOCC2(CC2)C1,-65.55,277.0873333
FC(F)(F)CI,-65.6,274.5886667
CC1NC(C(F)(F)F)CCC1O,-65.61,286.2483333
O=C(C1CCC(-C2NOC(C(F)(F)F)N2)CC1)N1CCC1,-65.67,288.911
[H]C([H])=C(C(F)(F)F)C(F)(F)F,-65.7,271.6103333
CC1NC(C(F)(F)F)CCC1N,-65.72,278.1313333
CC(=O)NC1(C2NOC(C(F)(F)F)N2)CCCCCC1,-65.76,289.9333333
CC1NC(CN2CCCC(C(F)(F)F)C2=O)NO1,-65.9,276.7973333
CC1(C)C(C(F)(F)F)CCN1CC(N)=O,-65.93,275.4466667
O=C1CC(C(F)(F)F)CN[NH]1,-65.95,283.1303333
F/C(Br)=C/C1=CC=CC=C1,-66.0,250.273
NCCC(F)(F)F,-66.0,273.9043333
[H]C(=O)/C([H])=C(\[H])C(F)(F)F,-66.0,275.091
[H]/C(C(=O)O)=C(/[H])C(F)(F)F,-66.0,275.1873333
[H]/C(C(=O)C1=CC=CC=C1)=C(/[H])C(F)(F)F,-66.0,275.2043333
COCCC(F)(F)F,-66.0,276.419
O=CCCC(F)(F)F,-66.0,278.309
FC(F)(OC1=CC=CC=C1)C1=CC=CC=C1,-66.0,284.0475
NC(N)(C1=CC=CC=C1)C(F)(F)F,-66.0,287.9746667
O=C(O)C1CC2CCC(C(F)(F)F)NC2[NH]1,-66.1,285.18
CN1NC(C(F)(F)F)NC1N,-66.13,285.985
O=C(CCC(F)(F)F)N1CCC[C@H]2CCCC[C@H]21,-66.25,277.5826667
CNC(=O)NC1CCC(C(F)(F)F)NC1,-66.35,286.295
[H]/C(=C(/[H])C(F)(F)F)C(F)(F)F,-66.4,275.0756667
O=C(CCC(F)(F)F)N1CC2CCC1C2,-66.4,278.2553333
[H]C1=C(Br)N=C(C(F)(F)F)S1,-66.5,266.342
CCC1CN(C(=O)[C@@H]2C[C@H]2C(F)(F)F)C1,-66.52,276.4213333
CCC(=O)NC1CCC(C(F)(F)F)NN1,-66.65,287.3246667
O=C1CC(C(F)(F)F)C2C([NH]1)CCC2,-66.75,272.1586667
NC(=O)NC[C@H]1CCCC[C@H]1C(F)(F)F,-66.84,279.0403333
CC1NC(C(F)(F)F)OC1C(=O)O,-66.89,290.1236667
O=C(O)CN1CCCC(C(F)(F)F)C1=O,-66.97,272.875
FC1=NC=CC=C1,-67.0,264.903
FC(F)(F)C1=NC2=CC=CC=C2O1,-67.0,272.938
FC(F)(F)C1=NC2=CC=CC=C2N=C1,-67.0,273.158
FC(F)(F)C1=NC=CN=C1,-67.0,274.3186667
CCCCCCC(=O)CCC(F)(F)F,-67.0,278.322
CCC(F)(F)F,-67.0,279.8523333
CCS(=O)(=O)NC1CCC2OC(C(F)(F)F)NC2C1,-67.04,288.893
COC1CCCC(C(=O)N2CC3CC2(C(F)(F)F)C3)C1,-67.15,276.7923333
N#CC1CCC(CN2NC(C(F)(F)F)CCC2=O)CC1,-67.18,284.7796667
O=C1CCC(C(F)(F)F)NN1CC1NCCS1,-67.24,284.9133333
NC1NC(C(F)(F)F)NS1,-67.28,288.78
CC1CC(CN2NC(C(F)(F)F)CCC2=O)NO1,-67.29,286.1683333
OCCCC(F)(F)F,-67.4,278.307
[H]/C(CCC)=C(\[H])CC(F)(F)F,-67.55,275.6776667
CNC1CC(C(F)(F)F)NC2CCCCC12,-67.59,287.339
CC1NC(C(F)(F)F)CCC1C(=O)N1CCNCC1,-67.74,279.7043333
OC1CCN(C2CC(C(F)(F)F)NC3CCCCC23)CC1,-67.75,287.804
NCC1CCCC(C(F)(F)F)N1,-67.76,279.913
O[C@H]1CCN(C2CCCC(C(F)(F)F)N2)C1,-67.84,286.4323333
CC(=O)NC1CCCN(CC(F)(F)F)C1,-67.86,282.6596667
CC1(C)CN(C2CCNC(C(F)(F)F)C2)CCO1,-67.93,279.2306667
N#CC1CCC(C(=O)N2CCN(CC(F)(F)F)CC2)CC1,-67.97,283.4963333
F/C(Br)=C\C1=CC=CC=C1,-68.0,256.359
C=C(F)Cl,-68.0,259.194
FC(F)(F)C1=CNC2=CC=CC=C21,-68.0,266.078
FC(F)Br,-68.0,266.548
FC(F)(F)C1=NC2=CC=CC=C2C=C1,-68.0,273.3133333
FC(F)(F)C1=NC=CC=C1,-68.0,274.392
[H]/C(CCC)=C(/[H])CC(F)(F)F,-68.0,275.4286667
[H]C(=O)C(C)C(F)(F)F,-68.0,277.1183333
O=C(O)CCC(F)(F)F,-68.0,277.3943333
CCCC(F)(F)F,-68.0,278.7166667
CCCCCCC(F)(F)F,-68.0,278.7546667
CCCCCC(F)(F)F,-68.0,278.7643333
CCCN1C(=O)C2CCC(C(F)(F)F)NC2N(C)C1=O,-68.02,284.95
OC[C@H]1CCCN1C1CCCC(C(F)(F)F)N1,-68.2,286.5923333
CC1CN(C2CCCC(C(F)(F)F)N2)CCCO1,-68.22,287.8196667
CC1CN(C(N)=O)CCN1CC(F)(F)F,-68.55,279.1636667
O=C1CC(C(F)(F)F)C(C(=O)O)CN1,-68.64,276.4506667
O=C(O)C1CCCN1CC(F)(F)F,-68.77,279.985
N#CC(Br)C(F)(F)F,-69.0,274.3006667
FC(F)(F)C1=CC=CC(Cl)=N1,-69.0,274.438
[N-]=[N+]=NC(F)(F)C1=CC=CC=C1,-69.0,274.8145
FC(F)(F)CSC1=CC=CC=C1,-69.0,274.858
CCCCSCC(F)(F)F,-69.0,275.8306667
O=C1C2CCCN2C(=O)N1C1CCN(CC(F)(F)F)C1,-69.15,280.145
NC(=O)CN1CC=C(C(F)(F)F)CC1,-69.18,278.9076667
CNC(=O)CN1CC=C(C(F)(F)F)CC1,-69.2,279.672
FC(F)(F)C1=CCN(C2NCCCN2)CC1,-69.21,278.9423333
CS(=O)(=O)NC1CCN(CC(F)(F)F)C1,-69.22,279.0726667
N#CCCN1CC=C(C(F)(F)F)CC1,-69.23,279.7553333
FC(F)(F)C1=CCN(C2CNCCN2)CC1,-69.28,279.6666667
FC(F)(F)CBr,-69.3,277.0936667
O=C1CCN(C2CCCN(CC(F)(F)F)C2=O)CCN1,-69.35,277.7736667
CCC1CCN(C(=O)C(C)C(F)(F)F)C1,-69.36,276.8893333
N#CCC(=O)N1CC=C(C(F)(F)F)CC1,-69.38,278.921
O=C([O-])C1CCCN(CC(F)(F)F)C1=O.[K+],-69.42,260.4493333
CC(C)N1C(=O)NC2(CCN(CC(F)(F)F)C2)C1=O,-69.45,280.6543333
CS(=O)(=O)[C@@H]1CNC[C@H]1C(F)(F)F,-69.52,279.331
CCC(=O)N[C@@H]1CCCC[C@@H]1C(F)(F)F,-69.53,269.2803333
CNC(=O)N[C@@H]1CCCC[C@@H]1C(F)(F)F,-69.54,278.2656667
CNC(=O)N1CCCC(C(F)(F)F)C1C,-69.56,279.6466667
CC(=O)N1CCN(CC(F)(F)F)C2CCCCC21,-69.72,280.816
O=C(NC1CCCCC1C(F)(F)F)C1CCCCN1,-69.73,279.4033333
CC1CNCCN(CC(F)(F)F)C1,-69.75,281.2813333
Cl.FC(F)(F)C1CCNC(C2CNC2)N1,-69.84,274.9876667
CC1CC(C(F)(F)F)NC(-N2CCNC2)N1,-69.85,287.2433333
CC1CN(C2CCN(CC(F)(F)F)C2=O)CCS1,-69.87,278.4836667
CN(CC(F)(F)F)[C@H]1CC[C@H](O)CC1,-69.88,283.242
F/C(Cl)=C/C1=CC=C(I)C=C1,-70.0,258.028
CC(C)C(=O)CC(F)(F)N=[N+]=[N-],-70.0,274.8665
FC(F)(F)/C(=N/C1=CC=CC=C1)C1=CC=CC=C1,-70.0,274.9413333
COB(OC)C(F)(F)F,-70.0,275.696
[H]C1=NC([H])=C([H])C(C(F)(F)F)=N1,-70.0,275.824
[H]C([H])=C(CCCCCCC)C(F)(F)F,-70.0,276.9123333
FC(F)(F)C1=NCCO1,-70.0,277.3976667
CNC(=O)N1CC(=O)N(CC(F)(F)F)C1,-70.08,278.564
CC1CC(C(=O)O)C(C)N1CC(F)(F)F,-70.11,282.3146667
O=C1NC(-C2CCCCC2)CC(C(F)(F)F)[NH]1,-70.31,288.5133333
O=C(O)[C@@H]1CCCN[C@@H]1C(F)(F)F,-70.34,281.857
CC1CC2N(N1)CC(C(F)(F)F)CN2,-70.4,279.3726667
FC(F)(F)C1CCNC(N2CCCC2)N1,-70.4,287.0913333
CC(C)(N)C1NC(C(F)(F)F)CC(=O)[NH]1.Cl,-70.47,273.0746667
O=C1CSC(C(F)(F)F)CN1,-70.48,280.2353333
CC(=O)NC1CCCN(CC(F)(F)F)C1=O,-70.56,276.743
O=C(O)C1CCCN(CC(F)(F)F)C1=O,-70.6,279.994
CC1(C)CNCCN1CC(F)(F)F,-70.64,282.7643333
NC1CC(C(F)(F)F)NCN1,-70.64,288.2786667
NC(=O)[C@@H]1CN(C(=O)C2CC=CC2)C[C@H]1C(F)(F)F,-70.71,279.569
CNC(=O)N1CCN(C(C)C(F)(F)F)CC1,-70.78,284.101
CC1(C2CCC(C#N)CC2)NC(=O)N(CC(F)(F)F)C1=O,-70.81,278.786
CN1C(=O)N(CC(F)(F)F)C(=O)C1C1CCCCC1,-70.82,279.9966667
O=C1NC2(CCC3CCCCC32)C(=O)N1CC(F)(F)F,-70.84,279.4646667
OC1CC(C(F)(F)F)NCN1,-70.86,287.8316667
CC1NC(O)CC(C(F)(F)F)N1,-70.92,288.3623333
CCS(=O)(=O)N1CCN(C(C)C(F)(F)F)CC1,-70.96,278.3716667
FC(Br)=C(C1=CC=CC=C1)C1=CC=CC=C1,-71.0,261.11
FC1=NC=CC2=CC=CC=C21,-71.0,269.139
[H]C1=NC(C(F)(F)F)=NC([H])=C1[H],-71.0,275.877
[H]/C(=N\C1=CC=CC=C1)C(F)(F)F,-71.0,280.854
O=C(NCC(F)(F)F)C1=CC=CC=C1,-71.0,282.2073333
CC(N1CCN(S(C)(=O)=O)CC1)C(F)(F)F,-71.02,279.9023333
CC1C(=O)NCCCN1CC(F)(F)F,-71.07,282.6396667
CC1CC(O)NC(C(F)(F)F)N1,-71.09,290.2586667
O=C(O)[C@@H]1CC=CC[C@H]1C(F)(F)F,-71.12,280.6533333
C[C@@H]1OC[C@H](C(F)(F)F)[C@H]1C(=O)O,-71.14,279.2673333
O=C1CC[NH]C(C(F)(F)F)N1,-71.37,290.594
CCC1NNSC1C(=O)N1CCCC(C(F)(F)F)C1,-71.43,283.0196667
CN1CCC(C(=O)N2CCCC(C(F)(F)F)C2)CC1=O,-71.47,282.4983333
O=C(C1CCC2[NH]CNC2C1)N1CCCC(C(F)(F)F)C1,-71.52,282.9186667
N#CC1CCCC(NC(=O)N2CCCC(C(F)(F)F)C2)C1,-71.56,279.4783333
CNC(=O)CC1CCC(C(F)(F)F)CC1,-71.56,284.4396667
CC1CC(C)N2NCC(C(=O)NCC(F)(F)F)C2N1,-71.6,282.2873333
O=C(C1CCC(=O)[NH]N1)N1CCCC(C(F)(F)F)C1,-71.61,283.0346667
O=C(CO)N1CCCC(C(F)(F)F)C1,-71.61,283.4413333
Cl.O=S1(=O)CCC(NCC(F)(F)F)CC1,-71.61,284.6143333
O=C(NC1CCCC(C(F)(F)F)C1)N1CCOCC1,-71.62,284.938
CS(=O)(=O)C1NCCN1CC(F)(F)F,-71.63,279.5693333
O=C(O)[C@@H]1CCCC[C@H]1C(F)(F)F,-71.64,281.7493333
O=C(NCC(F)(F)F)C1CCCC2CCCNC12,-71.66,282.442
O=C(NCC(F)(F)F)C1CCC2CCCCC2N1,-71.74,282.4033333
CS(=O)(=O)N1CCCC(C(F)(F)F)C1,-71.75,284.651
Cl.NCC1CCN(CC(F)(F)F)N1,-71.79,279.6153333
FC(F)(F)C1CCCN(C2CNCCN2)C1,-71.87,283.9963333
CC1NN(C)C2SC(C(=O)NCC(F)(F)F)CC12,-71.96,282.192
O=C(O)C1(C(F)(F)F)CCNC1,-71.98,275.591
CC12CCC(=O)N1C(C(=O)NCC(F)(F)F)CS2,-71.99,282.381
O=S(=O)(OS(=O)(=O)C(F)(F)F)C(F)(F)F,-72.0,264.3236667
CCCC/N=C(\C1=CC=CC=C1)C(F)(F)F,-72.0,275.343
CN=S(=O)(C1=CC=CC=C1)C(F)(F)F,-72.0,276.0403333
O=C(C1=CC=CC=C1)C(F)(F)F,-72.0,277.16
N=C(Cl)C(F)(F)F,-72.0,280.5843333
FC(F)(SC1=CC=CC=C1)C1=CC=CC=C1,-72.0,280.9235
O=C(NCC(F)(F)F)C1CSC2CCCCC2O1,-72.0,282.2276667
NCC(F)(F)F,-72.0,282.7033333
COC(F)(F)C1=CC=CC=C1,-72.0,291.8625
CN1CCNC(N2CCCC(C(F)(F)F)C2)C1=O,-72.01,283.8506667
FC(F)(F)CCl,-72.1,278.9606667
O=C(O)C1NN(CC(F)(F)F)CC1Cl,-72.12,278.017
N#CC1CCCC(CN2CC(C(F)(F)F)C2)C1,-72.13,282.7143333
C[C@@H]1CN(C)C[C@H](C(=O)N2CCCC(C(F)(F)F)C2)O1,-72.15,284.3316667
O=C(NCC(F)(F)F)C1COC2CCCCC2O1,-72.17,282.1923333
CC1C(CN2CCCC(C(F)(F)F)C2)CNN1C,-72.36,283.829
CC1CNCC(N2CCCC(C(F)(F)F)C2)N1,-72.43,275.733
CS(=O)(=O)NC1CCCC(C(F)(F)F)C1,-72.66,283.0516667
O=C1NC(=O)N(CC(F)(F)F)C1=O,-72.78,279.1613333
[H]/C(C(=O)O)=C(\F)CC,-73.0,256.999
F/C(Cl)=C\C1=CC=C(I)C=C1,-73.0,263.697
FC(F)Cl,-73.0,275.483
O=S(=O)(/N=C(\Cl)C(F)(F)F)C1=CC=CC=C1,-73.0,276.1416667
O=C(OCC(F)(F)F)C1=CC=CC=C1,-73.0,281.1616667
O=C(NCC(F)(F)F)N1CC2CCCCCC21,-73.03,283.4406667
O=S1(=O)CCC[C@@]2(C(F)(F)F)CNC[C@H]21,-73.25,280.191
Cl.NC(C1CCOCC1)C(F)(F)F,-73.25,283.5426667
CC1NC(CNC(=O)N2CCC(C(F)(F)F)CC2)NO1,-73.36,285.2166667
O=C1CC(C(F)(F)F)=NC2CCCCC2N1,-73.42,282.0773333
CC1NC(CN2CCC(C(F)(F)F)CC2)SC1C,-73.49,279.8386667
COC1CC(C(=O)N2CCCC2C(F)(F)F)ON1,-73.49,283.0106667
O=C(CN1CCC(C(F)(F)F)CC1)N1CCNC1=O,-73.51,279.867
CC1CNC(C(C)N2CCC(C(F)(F)F)CC2)O1,-73.52,283.975
O=C1CC(CN2CCC(C(F)(F)F)CC2)CN1,-73.52,284.9283333
N#CC1(C(=O)N2CCC(C(F)(F)F)CC2)CCCC1,-73.55,284.7546667
N#CC1CCCC(C(=O)N2CCC(C(F)(F)F)CC2)C1,-73.58,284.9586667
CCN1CC(NC(=O)N2CCC(C(F)(F)F)CC2)CN1,-73.63,285.318
CC1CCCC(C(=O)NC2CCC(C(F)(F)F)CC2)N1,-73.64,284.559
O=C(O)C1(C(=O)N2CCC(C(F)(F)F)CC2)CC1,-73.99,275.005
FC1=NC2=CC=CC=C2N=C1,-74.0,271.856
O=[N+]([O-])C(F)(F)F,-74.0,276.1766667
CCCCCCC(C)C(F)(F)F,-74.0,278.6346667
CCCCC(C)C(F)(F)F,-74.0,279.3566667
CCCCCCCC(O)OCC(F)(F)F,-74.0,281.3926667
CCNC(=O)C(F)(F)F,-74.0,283.703
CCN1C(=O)NC(C2CCCCC2)(C(F)(F)F)C1=O,-74.29,274.953
O=S1(=O)CC[C@]2(C(F)(F)F)CNC[C@@H]21,-74.53,281.2496667
Cl.FC(F)(F)[C@]12CCC[C@H]1CNC2,-74.53,283.167
CC1CN(C(=O)C2(C(F)(F)F)CCC2)C1,-74.65,284.762
Cl.NCC1CCCC(C(F)(F)F)O1,-74.66,284.8596667
CC1ONCC1CN1CCCC1C(F)(F)F,-74.82,285.3553333
O=S(C1=CC=CC=C1)C(F)(F)F,-75.0,276.539
FC(F)(F)COC1=CC=CC=C1,-75.0,279.7323333
CCOC(=O)CC(=O)C(F)(F)F,-75.0,280.6216667
CCCCOCC(F)(F)F,-75.0,282.58
[H]C1(C(F)(F)F)CCC(CCCC)CC1,-75.0,284.457
FC(F)(F)C1CCCCC1,-75.0,285.4436667
[H]C1(C(F)(F)F)CCCCC1,-75.0,285.4636667
CC(F)(F)C1=C2C=CC=CC2=NC2=CC=CC=C21,-75.0,289.239
Cl.N[C@@H]1CC2CCCCC2O[C@H]1C(F)(F)F,-75.1,287.9023333
CC1CCC(C(N)C(F)(F)F)O1.Cl,-75.22,282.054
O=C1CCCCC(C(F)(F)F)N1,-75.32,285.8703333
Cl.NC(C1CCCO1)C(F)(F)F,-75.37,279.8986667
OC[C@@H]1CC2CCCCC2O[C@H]1C(F)(F)F,-75.38,281.326
O=C1NC(C(F)(F)F)NC2CCCCN12,-75.47,289.5836667
COC1=CC=C(OC(F)F)C=C1,-75.8,284.5485
[H]/C(C(=O)OC)=C(\F)CCCC,-76.0,257.43
O=S(=O)(Cl)C(F)(F)F,-76.0,272.6086667
O=C(Cl)C(F)(F)F,-76.0,279.6656667
O=C(O)C(F)(F)F,-76.0,280.4116667
O=C(OC(=O)C(F)(F)F)C(F)(F)F,-76.0,280.525
CCOC(=O)C(F)(F)F,-76.0,281.3213333
FC(F)(F)C1(C2=CC=CC=C2)NN1,-76.0,282.326
COC(=O)C(=O)C(F)(F)F,-76.0,282.6576667
[H]C1=CC=C(OC(F)F)C=C1,-76.0,286.494
CC(C)(C(=O)O)[C@@H]1CCC[C@H](C(F)(F)F)N1,-76.06,286.8203333
O=C(NC1NCCS1)C1CCC(C(F)(F)F)NC1=O,-76.66,284.7433333
CC1NN(-C2CCCCC2)C(C)C1C(N)C(F)(F)F.Cl,-76.68,277.1836667
O=S(=O)(CC1=CC=CC=C1)C(F)(F)F,-77.0,281.6483333
CON(C(=O)OCC(Cl)(Cl)Cl)C(C)(F)F,-77.0,288.208
CC1(C)CN(C(N)=O)CC(C(F)(F)F)O1,-77.65,286.821
[H]/C(C(=O)CC)=C(\F)CCCC,-78.0,261.741
CC(C)(C)C(=O)CS(=O)C(F)(F)F,-78.0,273.9363333
C[Si](C)(C)OS(=O)(=O)C(F)(F)F,-78.0,279.6363333
FC(F)F,-78.0,281.3076667
O=S(=O)(C1=CC=CC=C1)C(F)(F)F,-78.0,281.901
OCC(F)(F)F,-78.0,286.217
[N-]=[N+]=NC(F)(F)C(=O)C1=CC=CC=C1,-78.0,292.702
CN(C)C(F)(F)C1=CC=CC=C1,-78.0,299.298
CC1NN(CC(O)C(F)(F)F)CC1C#N,-78.25,288.1173333
O=C(NC1(C(F)(F)F)CCC2CCCCC21)[C@@H]1CCCO1,-78.35,284.5376667
FC(F)(F)C(Cl)Cl,-78.5,281.663
CC1(C)CN(CC(O)C(F)(F)F)CC2(CCCC2)O1,-78.51,279.3246667
CC1CN(CC(O)C(F)(F)F)CC(=O)N1,-78.68,289.3656667
OC(CN1CCCSCC1)C(F)(F)F,-78.71,284.113
CC1(C)CN(CC(O)C(F)(F)F)CC1O,-78.82,287.9193333
CC1CN(CC(O)C(F)(F)F)CCCO1,-78.84,288.9166667
OC(C1=CC=CC=C1)C(F)(F)F,-79.0,284.413
CCOC(=O)CC(N)C(F)(F)F,-79.0,288.0986667
CCCCCCCC(F)(F)OC,-79.0,300.7865
O=[N+]([O-])C1=CC=C(OC(F)F)C=C1,-79.3,290.0635
CC1CC(C(=O)N2CCC2)CC(C)C1OC(F)F,-79.46,282.311
FC(Cl)=C(Cl)Cl,-80.0,270.04
FC1=NC=CN=C1,-80.0,276.337
O=S(=O)(O)C(F)(F)F,-80.0,277.817
CS(=O)C(F)(F)F,-80.0,278.9436667
CCCC(O)C(F)(F)F,-80.0,283.2706667
CS(=O)(=O)N1CCC(O)(C(F)(F)F)C1,-80.14,287.7873333
CC1CCC(C(=O)N2CCC(O)(C(F)(F)F)C2)S1,-80.15,288.6633333
CC1CCCCC1CC(=O)N1CCC(O)(C(F)(F)F)C1,-80.44,288.872
O=C1NCCNC1(O)C(F)(F)F,-80.82,288.667
[H]C([H])=C(F)F,-81.0,273.977
CS(=O)(=O)C(F)(F)F,-81.0,283.4006667
CC(=O)C(F)(F)F,-81.0,285.6756667
CC(C)(C)C(F)(F)F,-81.0,288.9213333
CCOC(=O)C(F)(Br)SCC,-81.0,290.895
CC1CCC(NC(=O)N2CCC(O)C2)CC1OC(F)F,-81.04,280.943
CC1C(NC(=O)N2CCOCC2)CCCC1OC(F)F,-81.06,284.331
OCC1C(OC(F)F)CCC2CCCCC12,-81.12,287.146
CC(O)(CN1CCNC1)C(F)(F)F,-81.4,289.2083333
CC(O)(CN1CCNN1)C(F)(F)F,-81.44,288.6543333
CC1NCCN1CC(C)(O)C(F)(F)F,-81.48,284.7496667
CC1=CC=C(/C(C)=C(/F)Cl)C=C1,-81.5,274.964
O=C(NC1CCCC(OC(F)F)C1)N1CCSCC1,-81.74,283.2
CC(=O)NC1CCCC2CC(OC(F)F)CCC21,-81.76,281.47
CC(O)(CN1CCNC(=O)C1)C(F)(F)F,-81.77,285.4836667
NC1NC2C(OC(F)F)CCCC2S1,-81.81,296.613
[H]/C(C(=O)CC)=C(/F)CCCC,-82.0,260.205
FC(Cl)Cl,-82.0,285.298
FC(F)OC1=CC=C(Cl)N=C1,-82.0,286.9015
CC1=C(OC(F)F)CCC1,-82.0,288.5895
O=C(C1CCCCC1OC(F)F)N1CCSCC1,-82.15,282.738
FC(F)(F)C(Cl)(Cl)Cl,-82.2,282.588
CC1CN(C(=O)C2CCCC(OC(F)F)C2)CC(C)O1,-82.23,282.8325
CC1COCC(C)N1C(=O)C1CCC(OC(F)F)CC1,-82.36,294.6945
NC1CC(-C2CCC(OC(F)F)CC2)NO1,-82.38,281.9665
CC1=CC=C(/C(C)=C(\F)Cl)C=C1,-82.6,273.648
O=C(C1CCCCC1OC(F)F)N1CCOC2(CCC2)C1,-82.86,280.8545
O=C1CCC(OC(F)F)C[NH]1,-82.88,283.1375
O=C(C1CCC(OC(F)F)CN1)N1CCC1,-82.9,283.7235
CCOC(F)(F)C(=O)C(C)C,-83.0,294.117
N#CCCN1CCCC(O)(C(F)(F)F)C1,-83.09,284.891
O=C(C1SCCC1OC(F)F)N1CCCC1,-83.43,293.5795
N#CC(F)(F)C1=CC=CC=C1,-83.5,301.262
O=C(O)C1SCCC1OC(F)F,-83.64,291.883
FC(F)(F)C1CC1,-84.0,277.5243333
COC(=O)C(O)(O)C(F)(F)F,-84.0,285.6776667
C/C=C\C(C)(F)F,-84.0,301.533
CCOC(=O)C(F)(Br)SC1=CC=CC=C1,-84.0,306.836
CN1CCC(C(=O)NC2CC(O)(C(F)(F)F)C2)N1,-84.1,290.4253333
CCCOC(F)F,-84.2,281.6025
O=C(COC(F)F)N1CCC2CCCCC21,-84.26,290.6555
CC1NCCCC1C(=O)N1CCC(O)(C(F)(F)F)CC1,-84.28,287.3076667
O=C(CC1C=CCC1)N1CCC(O)(C(F)(F)F)CC1,-84.32,291.1126667
CC1CCC(CN2CCC(O)(C(F)(F)F)CC2)O1,-84.33,291.335
OC1(C(F)(F)F)CCN(CC2CC=CCC2)CC1,-84.34,293.7963333
O=C(NCC1CCCO1)N1CCC(O)(C(F)(F)F)CC1,-84.4,293.9596667
CC(C)(F)F,-84.5,304.248
FC(F)OCC1=CC=CC=C1,-84.8,296.2135
CNC(=O)NC1CC(OC(F)F)N(C)N1,-84.93,298.8025
FC1=CCC1,-85.0,274.508
CCCCCCC(=O)C(F)(F)Cl,-85.0,276.9825
O=C1C=C(OC(F)F)CCC1,-85.0,289.251
CC(F)(F)C#N,-85.0,297.799
O=C(COC(F)F)N1CC2CCCC2C1,-85.03,291.705
O=C(COC(F)F)N1C[C@@H]2C[C@H]1CS2,-85.07,292.041
NC(=O)NC1CCC(OC(F)F)NC1,-85.82,291.753
FC(Br)Br,-86.0,277.618
FC(F)OC1=CC=CC=C1,-87.0,286.494
CCCCCCCC(F)(F)[N+](=O)[O-],-87.0,294.4155
O=[N+]([O-])C(F)(F)CCC1=CC=CC=C1,-87.0,296.232
CC(F)(F)C1=C(Cl)C2=CC=CC=C2N1,-87.0,303.111
CC(C)(F)Cl,-87.0,305.841
CC(F)(F)C1=CC=CC=C1,-87.9,307.3585
C=C(C)F,-88.0,279.248
[H]/C(C1=CC=CC=C1)=C(\F)OC,-88.0,281.692
FC(F)=C(Cl)Cl,-89.0,280.838
FC(F)OC1=NC(Cl)=CC=C1,-89.0,297.267
OC1=CC=C(SC(F)F)C=C1,-89.0,297.408
[H]C1=CC=C(SC(F)F)C=C1,-90.0,298.733
CCCC(C)(F)F,-91.0,306.098
FC1(F)CCCCCCC1,-91.5,288.7265
FC1(F)CCCCCCCCCCCCCC1,-91.5,318.513
O=[N+]([O-])C1=CC=C(SC(F)F)C=C1,-91.6,296.221
FC(F)SC1=NC2=C(C=CC=C2)N1,-92.0,302.405
FC(F)N1C=CN=C1,-93.0,295.771
O=S(=O)(C1=CC=CC=C1)C(F)(F)C1=CC=CS1,-93.0,300.178
CC1NCN(CC2NCCN2C(F)F)C1C,-93.0,301.5405
CCC(C)(F)F,-93.0,307.516
CC(=O)CCC(C)(F)F,-93.0,314.523
N#CC1CNN(CC2NCCN2C(F)F)C1,-93.21,300.302
FC1(F)CCCC1,-93.3,317.639
FC(F)N1CCNC1CN1CCOC2(CCCC2)C1,-93.46,293.1205
FC(F)SCC1=CC=CC=C1,-94.0,304.944
CC(F)(F)C(=O)C1=CC=CC=C1,-94.0,309.816
O=C(O)CC1CCN(C(F)F)N1,-94.85,314.4685
CCCCC(F)(F)CI,-94.9,305.8775
CC1NN(C(F)F)C(C)C1CC(=O)N1CCCCO1,-94.91,303.0895
C=C(F)CCCC,-95.0,278.418
[H]C#C/C(C1=CC=CC=C1)=C(\[H])C(F)(F)C(=O)OCC,-95.0,295.3325
FC(F)(P(C1=CC=CC=C1)C1=CC=CC=C1)P(C1=CC=CC=C1)C1=CC=CC=C1,-95.0,296.969
FC(F)N1N=C(Cl)C2=CC=CC=C21,-95.0,299.703
OCC1CCNN1C(F)F,-95.13,306.1165
CC1CCCNC1NC(=O)C1CCN(C(F)F)N1,-95.65,300.7155
CC1CC(C(=O)N(C)C2CC2)NN1C(F)F,-95.93,304.963
CC(C)(C)C1=C2C(F)=CC=CC2=CC=C1,-96.0,287.885
FC(F)SC1=CC=CC=C1,-96.0,296.3685
FC(F)N1C=NC2=CC=CC=C21,-96.0,299.4185
CCC(=O)CC(F)(F)C1=CC=CC=C1,-96.0,299.756
FC(F)N1C=NC2=C1C=CC=C2,-96.0,302.048
CC(F)(F)CO,-96.1,322.264
O=C(O)C1CCNN1C(F)F,-96.91,318.0145
C=C(F)CI,-97.0,287.414
[H]/C(C(=O)OC)=C(/F)C1=CC=CC=C1,-97.0,291.903
FC1(F)CCCCC1,-97.0,299.213
CN1C=CC=C1C(F)(F)S(=O)(=O)C1=CC=CC=C1,-97.0,303.623
O=S1CCN(CC2NC3CCCCC3N2C(F)F)CC1,-97.21,309.425
OC/C=C(/F)C1=CC=CC=C1,-98.0,290.606
CC(=O)CC(C)(F)F,-98.0,300.0885
CC(=O)N(C1=CC=CC=C1)C(F)F,-98.0,304.8465
OC1=CC=NC(SC(F)F)=N1,-98.0,306.1275
CCC(F)(F)C1=CC=CC=C1,-98.0,319.616
CCCC/C=C/C(F)(F)C(=O)OCC,-98.0,321.255
FC(F)(CBr)C1=CC=CC=C1,-98.2,313.2745
CCCCC(F)(F)CBr,-99.2,296.8485
COC(=O)C(F)(F)S(=O)(=O)Cl,-100.0,296.409
CN1C=CN(C(F)F)C1=S,-100.0,304.6035
CCOC(=O)C(C)(F)F,-100.0,315.3465
CN(C)CC(F)F,-100.0,329.295
C=C(F)CCl,-101.0,289.904
FC1=CCCCC1,-101.0,292.884
FC1=CC(F)=CC(F)=C1,-101.0,298.2416667
O=S(=O)(C1=CC=CC=C1)C(F)(F)C1=CC=CO1,-102.0,308.719
FC(F)C1=CC=CS1,-102.0,316.7765
O=C(C1CCCO1)C(F)(F)C1=CC(Cl)=CC=C1,-102.0,317.3875
CC1=NC(C)=C(C(F)F)S1,-102.0,317.7055
CC(C)C(C)(F)F,-102.2,317.5235
CCC(F)(F)CC,-102.4,319.7215
FC1=CC=NC=C1,-103.0,294.888
CN1C(=S)N(C(F)F)C2=C1C=CC=C2,-103.0,309.161
CCOC(=O)C(F)(F)C1=CC=CO1,-103.0,313.8475
O=[N+]([O-])C1=CC=C(F)C=C1,-103.6,289.471
N#CC1=CC=C(F)C=C1,-104.0,291.686
CCOC(=O)C(F)(F)C1=CC=CC=C1,-104.0,320.9945
COC(=O)C(F)(F)C1=CC=CC=C1,-104.3,319.5755
CCOC(=O)C(F)(F)C1=NC2=CC=CC=C2C=C1,-105.0,307.5815
CCOC(=O)C(F)(F)C1=CC2=C(C=CC=C2)O1,-105.0,316.629
CCCCCCCC(F)(F)C(=O)OCC,-105.0,318.0965
CC(=O)OCC(F)(F)C1=CC=CC=C1,-105.0,318.8225
CCCC/C(F)=C/CO,-106.0,289.572
CCCCCC/C=C(/F)CCCCCC,-106.0,298.366
F/C(Cl)=C(\F)Cl,-106.0,300.584
FC(F)C#CC1=CC=CC=C1,-106.0,315.9985
CC1=CC=C(C2=C(C(F)F)C=CO2)C=C1,-106.0,317.816
NCC(F)(F)C1=CC=CC=C1,-106.5,322.289
CSC1=NC(=O)C=CN1C(F)F,-107.0,302.205
CCCCOCC(F)(F)CC,-107.5,324.5965
CCCCCCCCC(F)(F)CN,-107.8,323.2515
OCC(F)(F)C1=CC=CC=C1,-107.9,319.877
C=C(F)CO,-108.0,299.725
CCOC(=O)C(F)(F)C(=O)C1=CC=CC=C1,-108.0,308.591
FC(F)C1=CSC=C1,-108.0,322.7975
CCC(F)(F)C(=O)OC,-108.0,326.1225
CC(C)(F)SC1=CC=CC=C1,-108.0,331.842
CC(=O)C(F)(F)C(=O)C1=CC=CC=C1,-109.0,310.082
CN1C2=CC=CC=C2C=C1C(F)F,-109.0,317.221
CCOP(=O)(OCC)C(F)(F)C1=CC=C(C)C=C1,-109.0,317.6865
COC1=CC=C(C(F)F)C=C1,-109.0,326.4605
O=C(N[C@H]1C[C@H]1C(F)F)C1CNNC2CCCCC12,-109.38,320.5155
FC(F)C1NNC(N2CCCCC2)S1,-109.66,326.25
FC1=CC=CC(F)=C1,-110.0,301.496
[H]C1=C(C(F)F)N(C2=CC=CC=C2)N=C1C1=CC=CC=C1,-110.0,314.767
[H]N1C2=CC=CC=C2C=C1C(F)F,-110.0,315.651
CCC(F)(F)C(C)=O,-110.0,319.3255
CC(F)F,-110.0,320.509
CCC1COCCN1C(=O)NC1CCCC(C(F)F)C1,-110.11,330.0515
CCCC(N)C(F)(F)CCC,-110.3,321.4365
FC(F)C1CCC(CN2CNCN2)CC1,-110.3,331.9215
CC1=CCCN(C2NCC(C(F)F)CN2)C1,-110.39,332.6845
CC1NNNN1CC1CCC(C(F)F)CC1,-110.52,335.208
CC1NNNN1CC1CCCC(C(F)F)C1,-110.54,334.333
CC1(C)CCN(C2NCC(C(F)F)CN2)C1,-110.58,334.293
FC(F)C1CNC(NC2CC23CC3)NC1,-110.71,335.067
O=C(C1CCCC(C(F)F)C1)N1CCCC1,-110.72,336.1355
O=C(O)C(F)(F)S(=O)(=O)O,-110.8,308.2135
CN(C(=O)C1CCCC(C(F)F)C1)C1CNN(C)C1,-110.85,335.6165
CCCCCC/C=C(\F)CCCCCC,-111.0,311.663
FC(F)C1=NC2=CC=CC=C2C=C1,-111.0,312.2625
CCOP(=O)(CC(F)F)OCC,-111.0,320.7585
O=C1CCCCC1(F)F,-111.0,323.0475
[H]C1=CC=C(C(F)F)C=C1,-111.0,327.937
CC1CCC(S(=O)(=O)N(C)C2CCNCC2)C(F)C1.Cl,-111.14,337.861
CC1NN(-C2CCCCC2Cl)C(C(F)F)C1C(=O)O,-111.53,329.2765
CC1NC(-C2CCC(C(F)F)CC2)SC1C(=O)O,-111.59,334.7035
CCC(O)C(F)(F)CC,-111.8,327.5525
CC1CC(C(F)F)NN1C(C)C(=O)O,-111.86,340.5035
[H]C1=C([H])N(C)N=C1C(F)F,-112.0,313.0755
CCCCCC(F)(F)P(=O)(OCC)OCC,-112.0,320.824
FC(F)C1N[NH]C2C1CCC2,-112.14,331.8085
COC1CCN(C2CCCC(C(F)F)C2C#N)CC1,-112.37,331.2045
O=C1CC(C(F)F)=NN1,-112.56,321.842
O=C(O)C1CC(C(F)F)[NH]N1,-112.99,339.415
[H]C([H])=C([H])F,-113.0,295.947
C=CF,-113.0,295.947
FC1=CC=NC2=CC=CC=C12,-113.0,305.026
FC1=CC=CC=C1,-113.0,305.646
CC1=C2C(F)=CC=CC2=CC=C1,-113.0,306.241
CCCCCCOC(=O)C(F)(F)C(=O)OCC,-113.0,319.7105
[H]C1=NN(C)C(C(F)F)=C1C,-113.0,324.1645
O=[N+]([O-])C1=CC=C(C(F)F)C=C1,-113.0,328.368
O=C(O)C1C(C(F)F)NC2N1CCCC2,-113.31,338.4525
O=C(O)C1CNCC(C(F)F)C1,-113.39,330.917
Cl.FC(F)C1[NH]NC2C1CNCC2,-113.55,331.863
CC1CSC(NC(=O)NC2CNN(C)C2C(F)F)N1,-113.59,335.8315
FC1=CC2=C(C=C1)C1=C(C=CC=C1)O2,-114.0,304.731
[H]/C(C1=CC=CC=C1)=C(/F)CO,-114.0,304.811
FC1=CC=C2N=CC=CC2=C1,-114.0,306.005
O=S(=O)(Cl)C(F)F,-114.0,307.552
CCC1=C2C(F)=CC=CC2=CC=C1,-114.0,308.305
FC(F)C1=NC=CN1,-114.0,318.5905
O=C(O)C1SCNC1C(F)F,-114.24,333.7625
O=C(O)C1C(C(F)F)NC2CCCCN12,-114.79,332.8725
CC1CC(N)CNC1C(F)F,-114.81,341.447
O=C(O)C1COC(C(F)F)C1,-114.92,336.5365
CN1C(=O)C[C@H](N)[C@H]1C1CCC(Cl)C(F)C1.Cl,-114.98,340.902
FC(F)C1=NC2=C(C=CC=C2)N1,-115.0,320.0465
FC(F)C1=CC2=CC=CC=C2O1,-115.0,320.2745
FC(F)CC1=CC=CC=C1,-115.0,323.696
CC(=O)C(F)(F)C(C)=O,-115.0,326.5085
FC(F)C1=CC=CC=C1,-115.0,327.937
Cl.CN1NC(N)CC1C(F)F,-115.05,320.788
CC1C(Cl)C(C(F)F)NN1CC(=O)O,-115.72,332.8655
O=C(O)C1CC(C(F)F)NO1,-115.77,339.0115
O=C(N[C@H]1C[C@@H]1C(F)F)C1CCCCC1,-115.79,318.728
[H]C([H])=C(F)C(C)=O,-116.0,308.877
CCCCCCCCC(F)F,-116.0,324.5065
CCCC(F)F,-116.0,325.3715
FC(F)C1=CCCCC1,-116.0,332.1455
CN1NNC(CO)C1C(F)F,-116.1,334.0315
O=C(NC1CNC2C(C1)COCC2)C1CCC(C(F)F)O1,-116.22,329.6515
CC1CCC(NC(=O)[C@H]2C[C@@H]2C(F)F)CN1,-116.22,332.8075
O=C(NC1CCCNC1)[C@H]1C[C@@H]1C(F)F,-116.24,330.0885
O=C(N[C@H]1C[C@@H]1C(F)F)C1CNNC2CCCCC12,-116.34,318.1495
Cl.N#CC1CCCNC1N1CC(CC(F)F)C1,-116.53,330.261
O=C(O)C1OCNC1C(F)F,-116.56,323.84
Cl.NCC(=O)NC1(C2CCCCC2F)CC1,-116.66,324.801
O=C(NC1CCC2[NH]C(C(F)F)NC2C1)C1(O)CCCC1,-116.68,341.1415
O=C(O)C1CCCC(C(F)F)N1,-116.69,339.4575
CC1C[NH]CC1C(=O)N1CC(CC(F)F)C1,-116.7,328.8835
CC1CCOC1C(=O)N1CC(CC(F)F)C1,-116.73,322.9935
CC1CCCC(NC(=O)[C@H]2C[C@@H]2C(F)F)C1,-116.74,317.6245
O=C(C1=CCCCC1)N1CC(CC(F)F)C1,-116.77,328.8535
O=C(C1CC=CC1)N1CC(CC(F)F)C1,-116.82,327.839
O=C(C1CCOC1)N1CC(CC(F)F)C1,-116.83,328.6265
O=C(C1CC=CCC1)N1CC(CC(F)F)C1,-116.84,328.904
CN(C1CCN(C)N1)S(=O)(=O)C1CCC(C(F)F)O1,-116.89,337.626
CC1NSC(N2CC(CC(F)F)C2)N1,-116.9,322.9635
CC1CC2NCC(C(=O)N3CC(CC(F)F)C3)C(C)N2N1,-116.95,320.8955
FC(F)P(C1=CC=CC=C1)C1=CC=CC=C1,-117.0,320.0445
CCOC(=O)CC(F)F,-117.0,322.2275
C/C=C(\C1=CC=CC=C1)C(F)F,-117.0,323.9715
FC(F)CCC1=CC=CC=C1,-117.0,325.8825
FC(F)C1NC2C(Cl)CCCC2[NH]1,-117.08,339.049
CC1(C(=O)N2CC(CC(F)F)C2)COC1,-117.16,328.8415
Cl.N=C1SCCN1CC1CCCCC1F,-117.54,346.975
CC(C1CCCCC1F)N(C)C(=O)C1CCNC1.Cl,-117.57,333.42
O=C(O)C1CCC(C(F)F)NC1,-117.68,337.069
[H]/C(C1=CC=CC=C1)=C(\F)C(=O)OCC,-118.0,306.974
CCCCCCCCC1=CC=C(F)O1,-118.0,313.984
OC/C=C(\F)C1=CC=CC=C1,-118.0,318.044
CC(C)/N=C(\C1=CC=CC=C1)C(F)F,-118.0,320.2845
CN(CC1CCCCC1F)C(=O)C1CSCN1.Cl,-118.63,332.054
CC(C)(N)C1CC(C(F)F)ON1.Cl,-118.64,338.1935
FC1=CC=CC2=C1C1=C(C=CC=C1)O2,-119.0,312.943
[H]C1=C(C(F)F)ON=C1C1=CC=CC=C1,-119.0,316.688
FC(F)C1CCCC1,-119.0,322.687
[H]C(F)(CCCCCCCC)OS(C)(=O)=O,-119.0,338.452
CC1=CC=C(F)C=C1,-119.2,311.668
CC1CCN(C(=O)C2CCC3NNC(C(F)F)N3C2)CC1,-119.43,343.7515
FC(F)CN1CCN(C2CCCCN2)CC1,-119.67,327.5405
CC1CCCC(C(=O)N2CCN(CC(F)F)CC2)C1,-119.88,328.528
N#CCC(=O)N1CCN(CC(F)F)CC1,-119.95,329.656
C=C(F)C1=CC=CC=C1,-120.0,304.145
C=CC(=C)F,-120.0,308.952
F/C(Cl)=C(/F)Cl,-120.0,311.823
FC1=CC=C(F)C=C1,-120.0,312.23
CCCCC1=C(F)OC2=CC=CC=C21,-120.0,316.774
CC(C)C(F)(F)C(C)C,-120.0,324.1775
CCC(F)F,-120.0,332.519
Cl.O=C(O)C1CCN(CC(F)F)CC1,-120.31,328.489
CC1=CCN(C2NCCC(C(F)F)N2)CC1,-120.41,339.9535
CC1CC(C(=O)NC2(C(F)F)CC2)OC1C,-120.61,334.332
CC1CCCC(C(=O)NC2(C(F)F)CC2)N1,-120.64,335.7
CC1CC(C(=O)NC2(C(F)F)CC2)N(C)N1,-120.71,334.3505
CC1[NH]NC(C(=O)NC2(C(F)F)CC2)C1C,-120.74,333.84
O=C(NC1(C(F)F)CC1)C1CCNCC1,-120.82,334.7725
NC1NNC(C(F)F)O1,-120.89,335.1365
CC1CNCC(C(=O)NC2(C(F)F)CC2)C1,-120.91,336.108
O=C(NC1(C(F)F)CC1)C1CCCCC1,-120.92,335.3675
C[C@@H]1CC=CC[C@H]1C(=O)NC1(C(F)F)CC1,-120.97,334.6725
FC1=CC2=C(C=C1)OC1=C2C=CC=C1,-121.0,313.848
O=S(=O)(O)C(F)F,-121.0,321.2005
[H]C(F)(CCCCCCCC)OC1=CC=CC=C1,-121.0,343.644
CC1=CCCN(CC2NC(C(F)F)NO2)C1,-121.22,327.3645
[H]/C(CCCCCCC)=C(\F)C(=O)OCCCC,-121.3,318.478
NC1CCC2C(C1)CCC(=O)N2CC(F)F,-121.67,326.3545
FC=C(Cl)Cl,-122.0,307.031
CC1NCCC(N(C)CC(F)F)N1,-122.21,334.003
CN(CC(F)F)C1CCC(C#N)CN1,-122.24,328.7605
O=C(C1CCCCC1)N1CCN(C2CC(C(F)F)C2)CC1,-122.38,326.228
CC1NSC(N(C)CC(F)F)N1,-122.45,331.815
O=C1CC(C(F)F)NCN1C1C=CCCC1,-122.63,339.9435
CN(C)C(=O)C(F)F,-122.7,335.814
FC1=C2C=CC=NC2=CC=C1,-123.0,314.055
CC(=O)OC/C=C/F,-123.0,316.735
[H]C1=C(F)OC(F)=C1[H],-123.0,319.926
CCCCC(CC)C(F)F,-123.0,333.252
CN(C)C(=O)CN1CCCCC1C(F)F,-123.04,323.411
O=C(NCC(F)F)C1CCC2CC[NH]C2N1,-123.08,332.9725
O=C(NCC(F)F)C1CC2N(N1)CCCC2,-123.29,331.013
CN1NCCC1CN1CCCCC1C(F)F,-123.32,325.197
FC(F)C1CCN(CC2CCON2)CC1,-123.55,334.166
O=C(NCC(F)F)N1CCC(C2CCCCC2)CC1,-123.61,333.327
CC1NOC(CN2CCC[C@@H]2C(F)F)N1,-123.65,336.574
CN1CCN(C(=O)C2CCN(CC(F)F)N2)CC1=O,-123.8,330.574
CC1NN(CC(F)F)CC1C(=O)O,-123.95,328.8635
FC1=CN=CC(F)=C1,-124.0,315.631
FC1=CC=CC2=CC=CC=C12,-124.0,315.722
O=C(O)C1CNN(CC(F)F)C1,-124.0,332.822
FC(F)C1=NC(C2=CC=CC=C2)CO1,-124.0,334.09
[H]C1(C(F)F)CCCCC1,-124.0,336.3265
CCC1NCCN1CC(F)F,-124.04,331.774
FC(F)C1CCN(C2CNCCN2)CC1,-124.08,333.645
O=C(C1CCCO1)N1CCCCC1C(F)F,-124.24,330.596
FC(F)[C@H]1CCCN1CC1CNCS1,-124.34,338.5605
CC1CC(CN2CCC[C@@H]2C(F)F)ON1,-124.63,325.776
NC1CC(CN2CCC[C@@H]2C(F)F)CCN1,-124.77,337.4615
CC(=O)OC/C=C\F,-125.0,307.903
FC1=CCCC1,-125.0,311.813
F/C=C/COCC1=CC=CC=C1,-125.0,319.601
CC1N[NH]CC1CN1CCC[C@@H]1C(F)F,-125.08,334.465
CC1CCNC(N2CCC[C@@H]2C(F)F)N1,-125.09,334.3985
COC1=CC=C(F)C=C1,-125.2,320.024
CC1CNC(CN2CCC[C@@H]2C(F)F)O1,-125.24,332.325
O=C(CC1CCC1)N1CCC[C@@H]1C(F)F,-125.38,333.6205
O=C(CC1CCOC1)N1CCC[C@@H]1C(F)F,-125.54,327.53
O=S(=O)(C1CC1)N1CCC[C@@H]1C(F)F,-125.87,327.5695
OC/C=C\F,-126.0,312.291
FC1=C2N=CC=CC2=CC=C1,-126.0,314.561
FC1=CC=CN=C1,-126.0,319.042
[H]/C(C1=CC=CC=C1)=C(/F)C(=O)OCC,-126.0,320.04
O=C(C1CCNCC1)N1CCC[C@@H]1C(F)F,-126.04,339.2005
O=C(N1CCCO1)C12CC3CC(CC(F)(C3)C1)C2,-126.31,354.25
NC1CCCC(OCC(F)F)N1,-126.56,329.499
FC(F)COC1CCC(Cl)CN1,-126.59,335.6795
CCOP(=O)(OCC)/C(F)=C/C(C)N(CC1=CC=CC=C1)CC1=CC=CC=C1,-127.0,319.252
CC1=CC=C(F)C2=CC=CC=C12,-127.0,319.277
CC(C)C(F)F,-127.0,335.3295
O=C(O)C(F)F,-127.0,337.1525
FC(C1=CC=CC=C1)(C1=CC=CC=C1)C1=CC=CC=C1,-127.0,339.212
CC1(F)CCC(C(C)(C)C)CC1,-127.0,353.193
COC(=O)C(F)F,-127.3,336.6175
F/C=C\Cl,-128.0,310.602
C/C=C\F,-128.0,318.154
CC1=CC(F)=CS1,-128.0,326.022
FC1=CC2=CC=CC=C2N=C1,-129.0,322.315
[H]C1=C([H])N(C)N=C1F,-129.0,328.892
CC(C)(C)C(F)F,-129.0,335.366
[H]C(F)(CCCCCCCC)OC(C)=O,-129.0,351.176
C/C=C/F,-130.0,314.129
[H]C(=O)C1=CC=C(F)N1[H],-130.0,322.721
[H]/C(CCC)=C(/F)S(=O)(=O)C1=CC=CC=C1,-130.0,325.83
[H]C(F)(OC1=CC=CC=C1)C(=O)OCC,-130.0,341.317
O=C(O)C1=CC2CCCCC2OC1C(F)F,-130.25,326.056
CC1NCSC1CN1CCOC(C(F)F)C1,-130.55,343.041
[H]/C(CCCCCCC)=C(/F)C(=O)OCCCC,-130.6,328.966
CCC1OC(C(=O)N2CCOC(C(F)F)C2)CC1C,-130.7,340.4105
CC1CCCCC1C1(C(=O)N2CCOC(C(F)F)C2)CC1,-130.73,341.3755
F/C=C/Cl,-131.0,314.717
CCCCCCCCC(F)Br,-131.0,325.313
FC1=CSC=C1,-131.0,327.816
CC(C)(C)F,-131.0,360.56
CCCCC1=C(F)SC2=CC=CC=C21,-133.0,319.919
[H]C(F)(OCC)C(=O)OCC,-133.0,327.839
CCCCC1=C(C2=CC=CC=C2)NN=C1F,-133.0,333.17
CC(C)(C)CC1(F)N=N1,-133.0,339.742
CC1=CC=C(F)S1,-134.0,316.833
FC1(CC2=CC=CC=C2)CO1,-134.0,348.024
CC1CC(C(=O)N2CC(O)(C(F)F)C2)NS1,-134.57,339.9485
O=C(C1CCCO1)N1CC(O)(C(F)F)C1,-134.59,338.8165
Cl.OC1(C(F)F)CNC1,-134.79,349.4915
FC1=CC=CS1,-135.0,318.596
[H]C(F)(Br)CC(C)=O,-135.0,338.287
CC1(F)CCCC1,-135.0,367.141
COC1CCCC(C2(N)CCOCC2)C1F.Cl,-135.16,364.8
[H]C1=NN(C)C(F)=C1[H],-136.0,334.181
CCCCCCCCC(F)N1C=NC2=C1C=CC=C2,-136.0,338.916
CC1CNC2C(F)CCCC2C1.Cl,-136.57,370.727
CC1(F)CC(NC(=O)C2CCCS2)C1,-136.72,357.511
[H]/C(F)=C(/C)CCCCCCCCCCC,-137.0,324.384
FC1=CN=CN=C1,-137.0,327.67
CCCCCCCCC1=C(F)C=CS1,-137.0,334.987
CCOC(OCC)C(F)F,-137.0,341.2355
C[Si](C)(C)C(F)(F)[Si](C)(C)C,-137.0,349.364
CCCC(C)(C)F,-137.0,349.435
[H]C(F)(C1=CC=CC=C1)[N+](=O)[O-],-137.0,353.519
CC1CC(C(=O)NC2CC(C)(F)C2)CCN1,-137.52,357.374
CN1CC(C(=O)NC2CC(C)(F)C2)CN1,-137.82,334.859
CN1CNCC1C(=O)NC1CC(C)(F)C1,-137.82,359.227
CC1(F)CC(NC(=O)C2=CCCC2)C1,-137.97,358.182
CC1OCCC1C(=O)NC1CC(C)(F)C1,-138.01,359.666
CC1(F)CC(NC(=O)C2CCCO2)C1,-138.05,337.79
FC1=C(F)C=CC=C1,-139.0,333.452
CCCCC1=C(F)N(C)N=C1C,-139.0,338.622
CCC1(CC)CC1(F)F,-139.0,348.9715
CCCCCCCCC(F)N1N=NC2=C1C=CC=C2,-139.0,371.623
CC1CCCC(F)C1NCC(=O)N1CCOCC1,-139.91,376.081
FC1=CN=CC2=CC=CC=C12,-140.0,332.318
[H]C1=NC(F)=C([H])N1,-140.0,337.137
C[Si](C)(C)C(F)F,-140.0,348.102
FC1(C2=CC=CC=C2)CO1,-140.0,352.784
CC1(F)CCN(C(=O)C2CCSN2)C1,-141.69,363.464
FC1CCC(N2CCSCC2)NC1,-141.94,377.212
CC1=NC=C(F)C=N1,-142.0,335.368
CCSC(C)F,-142.0,369.594
CC1(F)CCN(C(=O)C2CCOC2)C1,-142.01,363.639
COC1CCCN(C2CCC(F)CN2)C1,-142.02,377.756
CCCCCCCCC1=CC=C(F)N1C,-143.0,340.897
CC1(F)CCN(C(=O)N2CCOCC2)C1,-143.6,364.144
CC(C)(F)C(=O)C1=CC=CC=C1,-144.0,360.974
O=C(NC1CCNCC1F)N[C@@H]1C[C@H]1CO,-144.9,380.602
[H]C(F)(CCCCCCCC)SC1=CC=CC=C1,-145.0,363.989
C[C@@H](CO)N(C)C1CCC(F)CN1,-145.18,380.908
CC1(NC(=O)NC2CCNCC2F)CCC1,-145.43,381.571
CC1(NC(=O)NC2CCNCC2F)CCOCC1,-145.44,381.314
CCC1(O)CCN(C2CCC(F)CN2)C1,-145.84,378.516
CCN1CNCC1CN1CCCC(C)(F)C1,-147.63,349.626
CCN1NCNC1CN1CCCC(C)(F)C1,-147.64,374.278
CC1(F)CCCN(CC2CNCS2)C1,-147.98,358.992
FCF,-148.0,342.932
CCOC(=O)C(C)(C)F,-148.0,374.05
CC1CCC(CN2CCCC(C)(F)C2)NN1,-148.03,346.166
CN1CNCC1CCN1CCCC(C)(F)C1,-148.15,359.239
CC1(F)CCCN(CC2CNNS2)C1,-148.2,358.537
CC1(F)CCCN(CC(=O)N2CCC2)C1,-148.24,349.105
CC1(F)CCCN(CC2CSNN2)C1,-148.4,347.701
FCOC1=CC=CC=C1,-149.0,377.512
CCC1NCNC(N2CCCC2C2CCCO2)C1F,-150.49,376.658
[H]C(F)(Br)C(=O)OCC,-151.0,356.262
CC1CC(CNC2CCNCC2F)C(C)O1,-151.11,377.49
CC1(F)CCCN(C(=O)CC2CCCO2)C1,-151.94,356.918
CC1(F)CCCN(C(=O)C2CCCNC2)C1,-152.48,350.135
CNC1NCNCC1F,-153.3,387.731
O=C(NC1CC1)C1CC1(F)C1CCCCC1,-153.74,389.614
O=S(=O)(OCF)C1=CC=CC=C1,-154.0,354.005
[H]C(F)(CCCCCCCC)SC(=S)OCC,-154.0,372.096
F/C=C\OC1=CC=CC=C1,-156.0,344.907
CC1CSCCN(C2NCC(F)CN2)C1,-157.19,392.954
C[Si](C)(C)F,-158.0,366.865
O=C(OCF)C1=CC=CC2=CC=CC=C21,-158.0,385.815
[H]C(F)(SC1=CC=CC=C1)C(=O)OCC,-159.0,371.212
FC1CCC1,-160.0,368.293
FC1=C(F)C(F)=C(F)C(F)=C1F,-162.0,361.16
[H]C(F)(SCC)C(=O)OCC,-163.0,386.538
FC(C1=CC=CC=C1)C1=CC=CC=C1,-163.0,391.676
CC1CCC(NC(=O)C2CC(F)C[NH]2)CN1,-163.27,373.72
CC1CC(CNC(=O)C2CC(F)C[NH]2)ON1,-163.66,369.856
O=C(NCC1=CCCOC1)C1CC(F)C[NH]1,-163.81,382.969
O=C(N[C@@H]1C[C@H]1CO)C1CC(F)C[NH]1,-163.84,374.053
CN1CC(CNC(=O)C2CC(F)C[NH]2)CN1,-163.85,380.315
CC1(C)COCC1NC(=O)C1CC(F)C[NH]1,-163.86,373.947
CO[C@@H]1CCC[C@H]1NC(=O)C1CC(F)C[NH]1,-163.91,373.501
O=C(N[C@@H]1CCCOC1)C1CC(F)C[NH]1,-163.94,371.869
CC[C@@H]1C[C@H]1NC(=O)C1CC(F)C[NH]1,-163.97,387.247
FCN1C=NC2=C1C=CC=C2,-164.0,371.237
FCN1C=NC2=CC=CC=C21,-164.0,371.237
F/C=C\F,-165.0,350.227
[H]N1C=C(F)C=C1C(=O)O,-165.0,358.435
FC1=C(C2=CC=CC=C2)OC=C1,-165.0,359.512
CC(C)F,-165.0,383.521
O=C(O)[C@]1(C2CCCCC2)C[C@@H](F)C1,-165.2,383.451
CC(F)/C=C/C1=CC=CC=C1,-166.0,382.909
O=C(C1CC=CC1)N1C[C@@H](F)C[C@H]1CO,-166.76,372.621
O=C1[NH]C(=O)N(C2CCCO2)CC1F,-166.78,405.592
N#CC(F)C1=CC=C2C=CC=CC2=C1,-167.0,382.398
CC(F)C1=CC=CC=C1,-167.0,394.757
CC(F)C1=CC2=C(C=CC=C2)C=C1,-167.0,395.33
CC1C[NH]CC1C(=O)N1C[C@@H](F)C[C@H]1CO,-167.39,401.053
N#CC1(CN2C[C@@H](F)C[C@H]2CO)CC1,-167.54,374.504
CN1CCC(C(=O)N2C[C@@H](F)C[C@H]2CO)C1,-167.76,367.966
OC[C@@H]1C[C@H](F)CN1CC1=CCCOC1,-167.79,397.929
CC1NOCC1CN1C[C@@H](F)C[C@H]1CO,-167.83,365.663
O=C(CN1NCC2CCCCC21)N1CCCC(F)(CO)C1,-167.98,372.054
N#CC(F)C1=CC=CC=C1,-168.0,390.078
OC[C@@H]1C[C@H](F)CN1CC1CSCN1,-168.12,367.514
O=C(NC1CCCCC1)C(=O)N1CCCC(F)(CO)C1,-168.14,380.856
[H]N1C=CC(F)=C1,-169.0,365.616
FCCl,-169.0,372.355
CC(C)NC(=O)N1C[C@@H](F)C[C@H]1CO,-169.34,401.215
CC1CNC(N2C[C@@H](F)C[C@H]2CO)S1,-169.72,373.091
FC1=C(C2=CC=CC=C2)OC2=CC=CC=C21,-170.0,365.458
CCCCCC(F)C1=CC=CC=C1,-170.0,396.355
CC(C(=O)N1C[C@@H](F)C[C@H]1CO)N1CCCN1,-170.13,374.18
CC1CCOC1CN1C[C@H](F)C[C@H]1C(N)=O,-170.31,380.774
NC(=O)[C@@H]1C[C@@H](F)CN1CC1CCCC2C1CCOC2,-170.53,373.342
[H]N1C=C(F)C(=O)N([H])C1=O,-171.0,368.03
[H]N1C=C(F)C(N)=NC1=O,-171.0,378.255
FC1CCCC1,-171.0,390.088
CCCC[Si](F)(CCCC)CCCC,-171.0,390.661
CC(F)CCN1CCCC2(CCOCC2)C1,-171.53,392.773
O=S(=O)(C1CC1)N1C[C@@H](F)C[C@H]1CO,-171.75,381.508
CC(F)CCN1CCS(=O)(=O)CC1,-171.87,394.23
O=C(O)C1N[NH]CC1F,-171.91,375.971
CCCCC(C)F,-172.0,392.029
CC(F)CCN1CCC(O)CC12CCC2,-172.33,389.911
CCC(C)F,-173.0,395.958
CC(F)CCO,-173.0,398.663
CCOC(=O)CC(F)C1=CC=CC=C1,-173.0,400.078
CC1(C)CCCN(C(=O)[C@H]2C[C@H](F)CN2)C1,-173.42,374.686
CCOC1CCC2C(C1)CN(C(=O)[C@H]1C[C@H](F)CN1)CC2,-173.58,408.527
CC(=O)CC(F)C1=CC=CC=C1,-174.0,402.283
O=S(=O)(N[C@@H]1CCCC[C@H]1F)C1CC1,-174.58,397.628
FC1=CNC2=CC=CC=C12,-175.0,372.94
[H]C1=NN(C)C([H])=C1F,-175.0,374.501
FC1CCCCC1,-175.0,400.237
NC(=O)[C@@H]1C[C@@H](F)CN1,-175.22,374.36
CC1CCCCC1NC(=O)[C@H]1C[C@H](F)CN1,-175.56,382.224
CN1NNCC1CN[C@@H]1CCCC[C@H]1F,-175.72,376.071
CC1NCC(CN[C@@H]2CCCC[C@H]2F)CN1,-175.76,393.732
O=C(N[C@@H]1CCCC[C@H]1F)C1CC1,-175.9,399.949
CC1C[NH]CC1C(=O)N[C@@H]1CCCC[C@H]1F,-175.93,400.524
CC1[NH]NCC1C(=O)N[C@@H]1CCCC[C@H]1F,-175.95,392.806
[H]C1=NN(C2=CC=CC=C2)C([H])=C1F,-176.0,368.905
CCCCCCCCC1=C(F)C=CO1,-176.0,372.82
CCC(F)C1=CC=CC=C1,-176.0,405.058
O=C(N[C@@H]1CCCC[C@H]1F)C1CC[NH]N1,-176.03,394.286
Cl.O=C(NC1CNN(-C2CCCCC2)C1)[C@H]1C[C@H](F)CN1,-176.04,384.67
CN1CNC(C(=O)N[C@@H]2CCCC[C@H]2F)C1,-176.06,392.194
CC1CC(C(=O)N[C@@H]2CCCC[C@H]2F)ON1,-176.07,385.811
CC1NOCC1CN[C@@H]1CCCC[C@H]1F,-176.07,395.664
O=C(CC1(O)CCC1)N[C@@H]1CCCC[C@H]1F,-176.18,381.069
F[C@@H]1CCCC[C@H]1NCC1CSNN1,-176.19,381.949
O=C(CN1CCCN1)N[C@@H]1CCCC[C@H]1F,-176.34,380.664
CN1CCNC1CN[C@@H]1CCCC[C@H]1F,-176.34,383.892
CN1CC(CN[C@@H]2CCCC[C@H]2F)NN1,-176.41,400.091
N#CC1(C(=O)N[C@@H]2CCCC[C@H]2F)CCC1,-176.67,392.127
CC1N[NH]C(C)C1CN[C@@H]1CCCC[C@H]1F,-176.72,378.065
FC1=COC2=CC=CC=C12,-177.0,371.349
NC(=O)[C@@H]1C[C@@H](F)CN1C(=O)C1CCCC2CC[NH]C12,-177.51,396.845
CC1CCC(CC(=O)N2C[C@H](F)C[C@H]2C(N)=O)CN1,-177.57,398.383
NC(=O)[C@@H]1C[C@@H](F)CN1C(=O)C1CCC2CC[NH]C2C1,-177.73,398.269
NC(=O)[C@@H]1C[C@@H](F)CN1C(=O)C1CCC2CNCN2C1,-177.79,398.491
CC1CC(C(=O)N2C[C@H](F)C[C@H]2C(N)=O)CO1,-177.96,398.527
CCN(C)C(=O)N1C[C@H](F)C[C@H]1C(N)=O,-178.06,403.794
CCCCCCCCC(F)C#N,-179.0,412.209
FCSC1=CC=CC=C1,-180.0,393.914
CCOC(=O)C(F)C1=CC=CC=C1,-180.0,408.707
CN1CCCC1CNC(=O)N1CC(F)C1,-180.61,384.977
N#C[C@H]1CC[C@@H](NC(=O)N2CC(F)C2)C1,-180.61,385.502
CC1CCC(CNC(=O)N2CC(F)C2)S1,-180.61,388.258
O=C(NCCC1CCCS1)N1CC(F)C1,-180.63,388.143
CC1CNN(CCNC(=O)N2CC(F)C2)C1,-180.63,388.147
CC1CNCC(CNC(=O)N2CC(F)C2)C1,-180.66,388.07
CC1(CNC(=O)N2CC(F)C2)CCOC1,-180.69,385.582
[H]C1=NNC([H])=C1F,-181.0,376.034
[H]C1=C(F)C(F)=C([H])O1,-182.0,377.359
CC(F)C#N,-182.0,398.55
CCC(F)CC,-183.0,403.868
CC(=O)C(F)C1=CC=CC=C1,-183.0,404.237
CCCCCCCCCCCCSCF,-184.0,403.729
CC1NCCC(N2CCCC(F)C2)N1,-184.23,394.41
CC1CC(N2CCCC(F)C2)NCN1,-184.31,376.272
CCOC(=O)C(C)F,-185.0,402.448
CCC(F)C(C)C,-186.0,394.905
FC(C1=CC=CC=C1)C(F)C1=CC=CC=C1,-186.0,406.316
CC(F)C(C)F,-187.0,401.786
CCC(F)C(=O)N(C)C,-187.0,409.561
O=C1CCCCC1F,-188.0,397.901
CC1NCC(C(=O)N[C@H]2CCC[C@H]2F)S1,-189.0,394.059
CSCF,-189.0,405.556
COC1CCCC(C(=O)N[C@@H]2CCC[C@@H]2F)C1,-189.14,393.076
O=C(N[C@H]1CCC[C@H]1F)C1CCCCN1,-189.38,394.17
CC(=O)C(C)F,-190.0,392.437
[H]C(=O)C(F)C1=CC=CC=C1,-191.0,417.443
CCCC(O)C(F)CCC,-191.0,419.635
CCCC(=O)C(F)CCC,-193.0,407.464
CCN(CCF)C1=CC=CC=C1,-193.0,433.776
CCOC(=O)C(F)CC,-194.0,396.354
O=C1CCCC1F,-194.0,398.053
FCC(Cl)(Cl)Cl,-198.0,399.249
[H]C(=O)C(F)CCCCCCCC,-199.0,412.346
COC1=CC=C(CF)C=C1,-199.8,437.92
FCC1=CC2=CC=CC=C2C=C1,-202.0,438.388
FCC1=CC=CC=C1,-204.3,438.378
COC1=CC=C(/C=C/CF)C=C1,-208.0,414.691
FCC1=CC=C(Cl)C=C1,-208.0,437.335
FC/C=C/C1=CC=CC=C1,-210.0,417.22
CC(Br)CF,-210.0,431.452
CCC1NCSC1NC(=O)C1(C)CC1F,-210.5,414.72
O=S(=O)(CF)C1=CC=CC=C1,-211.0,408.933
[H]C(F)(C(=O)OCC)P(=O)(OCC)OCC,-211.0,413.054
COC1CCNCC1NC(=O)C1(C)CC1F,-211.04,418.782
FCCBr,-212.0,407.88
O=S(=O)(CF)CC1=CC=CC=C1,-212.0,415.645
CCF,-212.0,419.073
O=S(CF)C1=CC=CC=C1,-213.0,419.631
C=C(CF)C1=CC=CC=C1,-213.0,433.844
N#CC1=CC=C(CF)C=C1,-215.7,437.191
OCCCCF,-216.0,428.415
O=[N+]([O-])C1=CC=C(CF)C=C1,-216.0,435.725
CCCCF,-219.0,425.905
CCCF,-219.0,429.556
CC1CNCCC1NC(=O)C1(CF)CCC1,-219.24,440.402
FCCCl,-220.0,419.317
OCCCF,-220.0,428.646
CCOC(=O)CCF,-220.0,435.528
O=C(CN1CCCN1)N1CCCC1CF,-220.05,416.258
OCC1CNN(CCF)C1,-221.96,426.276
CC1NC(CN2CCC(CF)CC2)OC1C,-222.16,437.816
O=C(O)C1CCN(CCF)N1,-222.27,419.574
OCC1CCNN1CCF,-222.29,436.004
CC1NOCC1CN1CCCC1CF,-222.48,421.539
CN1CCC(N2CCC(CF)CC2)C1=O,-222.54,428.902
CC(C)(C)CF,-223.0,426.513
CC1CCC(CF)CC1,-223.0,427.856
COCCF,-223.0,441.717
FCC1CCN(C2NCC(Cl)CN2)CC1,-223.15,439.822
CC1NNC(N2CCC(CF)CC2)S1,-223.28,429.692
O=C(C1CCSN1)N1CCC(CF)CC1,-223.36,430.83
N#CC1(C(=O)N2CCC(CF)CC2)CCC1,-223.64,425.002
CCOC(=O)/C=C/CF,-224.0,425.578
CC1(C)C[C@@H]1NC(=O)C1(CF)CCOCC1,-224.65,431.413
O=C(NC1(CF)CCC1)C1=CCCC1,-224.95,435.923
O=C(NC1(CF)CCC1)C1CCNCC1,-225.01,436.036
CC1CC(N2CCCC2CF)C(C#N)CN1,-225.56,423.751
CC1SCCC1C(=O)N1CCCC1CF,-225.87,422.854
CC(=O)CF,-226.0,437.814
CCC(CC)CF,-226.0,443.949
FCCF,-226.0,447.451
OCCF,-227.0,434.774
CC1CCN(C(=O)N2CC(CF)C2)CC1,-227.07,439.37
FCC1CCCN1C1NCCCN1,-227.16,432.478
CC1CCNC(N2CC(CF)C2)C1C#N,-227.37,426.146
CC1NC(N2CC(CF)C2)CCC1C#N,-227.39,425.287
CC1NCCC(N2CC(CF)C2)N1,-227.84,425.792
CCC1CCNC(C(=O)N2CC(CF)C2)C1,-228.22,440.041
CC(C)C1CCOC1C(=O)N1CC(CF)C1,-228.34,426.014
O=C(CC1CCCS1)N1CC(CF)C1,-228.39,440.071
O=C(C1[NH]CCC1C1CC1)N1CC(CF)C1,-228.41,425.99
O=C(C1CCC[NH]1)N1CCCC1CF,-228.5,445.7
CC1CSCC1C(=O)N1CC(CF)C1,-228.51,441.855
FCC1CN(C2NC(C3CC3)NS2)C1,-228.77,435.239
CC1(C(=O)N2CCCC2CF)COC1,-229.29,445.717
CCOC(=O)CF,-230.0,438.643
CN1CCCC1CN1CCOC(CF)C1,-230.69,430.542
N#CC1CCC(N2CCOC(CF)C2)CC1,-231.5,443.046
CC1CNC(N2CCOC(CF)C2)S1,-231.81,442.495
O=CCF,-232.0,445.188
O=C(CC1CCOC1)N1CCOC(CF)C1,-232.24,439.286
CC1(C(=O)N2CCOC(CF)C2)COC1,-232.29,440.781
O=C(C1CCCS1)N1CCOC(CF)C1,-232.42,442.27
O=P(CF)(C1=CC=CC=C1)C1=CC=CC=C1,-242.0,446.356
